timestamp,longitude,latitude,bike_count,location_name,is_in_boundary,weekday,hour,is_peak,id
2024-05-01 00:00:00,119.517816,39.913239,16,第四体育场,1,2,0,0,1
2024-05-01 00:00:00,119.517939,39.916532,16,西北门,1,2,0,0,2
2024-05-01 00:00:00,119.521364,39.917036,18,信息科学与工程学院,1,2,0,0,3
2024-05-01 00:00:00,119.521864,39.917012,18,理学院,1,2,0,0,4
2024-05-01 00:00:00,119.522728,39.918136,18,理学院北侧,1,2,0,0,5
2024-05-01 00:00:00,119.522482,39.916512,18,西里西亚学院,1,2,0,0,6
2024-05-01 00:00:00,119.520487,39.914483,18,西区第五教学楼,1,2,0,0,7
2024-05-01 00:00:00,119.51965,39.913924,18,艺术学院,1,2,0,0,8
2024-05-01 00:00:00,119.520105,39.913824,18,继续教育学院,1,2,0,0,9
2024-05-01 00:00:00,119.522175,39.911633,18,西区第一教学楼北侧,1,2,0,0,10
2024-05-01 00:00:00,119.522085,39.911128,18,西区第一教学楼,1,2,0,0,11
2024-05-01 00:00:00,119.522642,39.910663,18,西区第二教学楼,1,2,0,0,12
2024-05-01 00:00:00,119.523274,39.910163,18,西区第三教学楼,1,2,0,0,13
2024-05-01 00:00:00,119.522709,39.910029,18,电气工程学院东,1,2,0,0,14
2024-05-01 00:00:00,119.521177,39.909753,18,电气工程学院西,1,2,0,0,15
2024-05-01 00:00:00,119.522369,39.909221,18,材料学院 C 楼,1,2,0,0,16
2024-05-01 00:00:00,119.52317,39.908501,18,材料学院 A 楼,1,2,0,0,17
2024-05-01 00:00:00,119.523088,39.904547,13,1 组图,1,2,0,0,18
2024-05-01 00:00:00,119.523105,39.905732,13,2 组图,1,2,0,0,19
2024-05-01 00:00:00,119.523138,39.906529,13,3 组图,1,2,0,0,20
2024-05-01 00:00:00,119.521776,39.905351,13,4 组图,1,2,0,0,21
2024-05-01 00:00:00,119.521967,39.907251,16,西区大食堂东侧,1,2,0,0,22
2024-05-01 00:00:00,119.520043,39.907417,16,西区大食堂西侧,1,2,0,0,23
2024-05-01 00:00:00,119.519858,39.908508,15,西区浴池,1,2,0,0,24
2024-05-01 00:00:00,119.518344,39.908269,15,西区超市,1,2,0,0,25
2024-05-01 00:00:00,119.518084,39.909318,13,10 组图,1,2,0,0,26
2024-05-01 00:00:00,119.517912,39.910224,13,11 组图,1,2,0,0,27
2024-05-01 00:00:00,119.517918,39.911057,15,燕园餐厅,1,2,0,0,28
2024-05-01 00:00:00,119.516213,39.910156,13,12 组图,1,2,0,0,29
2024-05-01 00:00:00,119.525995,39.906156,18,里仁教学楼西侧,1,2,0,0,30
2024-05-01 00:00:00,119.527913,39.905674,18,里仁教学楼东南侧,1,2,0,0,31
2024-05-01 00:00:00,119.526448,39.9052,15,西区大学生活动中心,1,2,0,0,32
2024-05-01 00:00:00,119.531126,39.910473,15,新图书馆西侧,1,2,0,0,33
2024-05-01 00:00:00,119.534127,39.910557,15,新图书馆东侧,1,2,0,0,34
2024-05-01 00:00:00,119.53553,39.909579,15,5 号门,1,2,0,0,35
2024-05-01 00:00:00,119.54074,39.911033,15,第二体育场,1,2,0,0,36
2024-05-01 00:00:00,119.540493,39.911157,18,体育学院东侧,1,2,0,0,37
2024-05-01 00:00:00,119.539163,39.911104,18,体育学院西侧,1,2,0,0,38
2024-05-01 00:00:00,119.53974,39.910715,18,体育学院南侧,1,2,0,0,39
2024-05-01 00:00:00,119.539941,39.910202,18,建筑系,1,2,0,0,40
2024-05-01 00:00:00,119.538739,39.909795,18,文法学院,1,2,0,0,41
2024-05-01 00:00:00,119.540025,39.909071,18,东区第四教学楼北侧,1,2,0,0,42
2024-05-01 00:00:00,119.53977,39.908658,18,东区第四教学楼南侧,1,2,0,0,43
2024-05-01 00:00:00,119.537491,39.908447,18,车辆与能源学院,1,2,0,0,44
2024-05-01 00:00:00,119.538573,39.907428,15,后勤管理处,1,2,0,0,45
2024-05-01 00:00:00,119.540408,39.905247,18,建筑工程与力学学院东侧,1,2,0,0,46
2024-05-01 00:00:00,119.540397,39.905594,18,东区第二教学楼,1,2,0,0,47
2024-05-01 00:00:00,119.539722,39.905178,18,建筑工程与力学学院西侧,1,2,0,0,48
2024-05-01 00:00:00,119.539069,39.904948,18,东区第一教学楼,1,2,0,0,49
2024-05-01 00:00:00,119.537932,39.904936,15,东区图书馆,1,2,0,0,50
2024-05-01 00:00:00,119.537474,39.903952,18,东区第三教学楼,1,2,0,0,51
2024-05-01 00:00:00,119.536636,39.901284,13,至明楼,1,2,0,0,52
2024-05-01 00:00:00,119.536302,39.901898,15,东区学生生活服务楼西侧,1,2,0,0,53
2024-05-01 00:00:00,119.536619,39.901877,15,东区学生生活服务楼东侧,1,2,0,0,54
2024-05-01 00:00:00,119.536717,39.902048,15,东区学生生活服务楼东北侧,1,2,0,0,55
2024-05-01 00:00:00,119.535911,39.901958,13,至博楼,1,2,0,0,56
2024-05-01 00:00:00,119.535492,39.902724,15,中快餐厅 2 食堂,1,2,0,0,57
2024-05-01 00:00:00,119.534896,39.903012,13,至雅楼南侧,1,2,0,0,58
2024-05-01 00:00:00,119.534947,39.903248,13,至雅楼北侧,1,2,0,0,59
2024-05-01 00:00:00,119.535349,39.903546,15,燕鸣湖餐厅西南侧,1,2,0,0,60
2024-05-01 00:00:00,119.535433,39.903957,15,燕鸣湖餐厅西北侧,1,2,0,0,61
2024-05-01 00:00:00,119.535337,39.905494,13,学生公寓 8 号楼,1,2,0,0,62
2024-05-01 01:00:00,119.517816,39.913239,16,第四体育场,1,2,1,0,63
2024-05-01 01:00:00,119.517939,39.916532,16,西北门,1,2,1,0,64
2024-05-01 01:00:00,119.521364,39.917036,18,信息科学与工程学院,1,2,1,0,65
2024-05-01 01:00:00,119.521864,39.917012,18,理学院,1,2,1,0,66
2024-05-01 01:00:00,119.522728,39.918136,18,理学院北侧,1,2,1,0,67
2024-05-01 01:00:00,119.522482,39.916512,18,西里西亚学院,1,2,1,0,68
2024-05-01 01:00:00,119.520487,39.914483,18,西区第五教学楼,1,2,1,0,69
2024-05-01 01:00:00,119.51965,39.913924,18,艺术学院,1,2,1,0,70
2024-05-01 01:00:00,119.520105,39.913824,18,继续教育学院,1,2,1,0,71
2024-05-01 01:00:00,119.522175,39.911633,18,西区第一教学楼北侧,1,2,1,0,72
2024-05-01 01:00:00,119.522085,39.911128,18,西区第一教学楼,1,2,1,0,73
2024-05-01 01:00:00,119.522642,39.910663,18,西区第二教学楼,1,2,1,0,74
2024-05-01 01:00:00,119.523274,39.910163,18,西区第三教学楼,1,2,1,0,75
2024-05-01 01:00:00,119.522709,39.910029,18,电气工程学院东,1,2,1,0,76
2024-05-01 01:00:00,119.521177,39.909753,18,电气工程学院西,1,2,1,0,77
2024-05-01 01:00:00,119.522369,39.909221,18,材料学院 C 楼,1,2,1,0,78
2024-05-01 01:00:00,119.52317,39.908501,18,材料学院 A 楼,1,2,1,0,79
2024-05-01 01:00:00,119.523088,39.904547,13,1 组图,1,2,1,0,80
2024-05-01 01:00:00,119.523105,39.905732,13,2 组图,1,2,1,0,81
2024-05-01 01:00:00,119.523138,39.906529,13,3 组图,1,2,1,0,82
2024-05-01 01:00:00,119.521776,39.905351,13,4 组图,1,2,1,0,83
2024-05-01 01:00:00,119.521967,39.907251,16,西区大食堂东侧,1,2,1,0,84
2024-05-01 01:00:00,119.520043,39.907417,16,西区大食堂西侧,1,2,1,0,85
2024-05-01 01:00:00,119.519858,39.908508,15,西区浴池,1,2,1,0,86
2024-05-01 01:00:00,119.518344,39.908269,15,西区超市,1,2,1,0,87
2024-05-01 01:00:00,119.518084,39.909318,13,10 组图,1,2,1,0,88
2024-05-01 01:00:00,119.517912,39.910224,13,11 组图,1,2,1,0,89
2024-05-01 01:00:00,119.517918,39.911057,15,燕园餐厅,1,2,1,0,90
2024-05-01 01:00:00,119.516213,39.910156,13,12 组图,1,2,1,0,91
2024-05-01 01:00:00,119.525995,39.906156,18,里仁教学楼西侧,1,2,1,0,92
2024-05-01 01:00:00,119.527913,39.905674,18,里仁教学楼东南侧,1,2,1,0,93
2024-05-01 01:00:00,119.526448,39.9052,15,西区大学生活动中心,1,2,1,0,94
2024-05-01 01:00:00,119.531126,39.910473,15,新图书馆西侧,1,2,1,0,95
2024-05-01 01:00:00,119.534127,39.910557,15,新图书馆东侧,1,2,1,0,96
2024-05-01 01:00:00,119.53553,39.909579,15,5 号门,1,2,1,0,97
2024-05-01 01:00:00,119.54074,39.911033,15,第二体育场,1,2,1,0,98
2024-05-01 01:00:00,119.540493,39.911157,18,体育学院东侧,1,2,1,0,99
2024-05-01 01:00:00,119.539163,39.911104,18,体育学院西侧,1,2,1,0,100
2024-05-01 01:00:00,119.53974,39.910715,18,体育学院南侧,1,2,1,0,101
2024-05-01 01:00:00,119.539941,39.910202,18,建筑系,1,2,1,0,102
2024-05-01 01:00:00,119.538739,39.909795,18,文法学院,1,2,1,0,103
2024-05-01 01:00:00,119.540025,39.909071,18,东区第四教学楼北侧,1,2,1,0,104
2024-05-01 01:00:00,119.53977,39.908658,18,东区第四教学楼南侧,1,2,1,0,105
2024-05-01 01:00:00,119.537491,39.908447,18,车辆与能源学院,1,2,1,0,106
2024-05-01 01:00:00,119.538573,39.907428,15,后勤管理处,1,2,1,0,107
2024-05-01 01:00:00,119.540408,39.905247,18,建筑工程与力学学院东侧,1,2,1,0,108
2024-05-01 01:00:00,119.540397,39.905594,18,东区第二教学楼,1,2,1,0,109
2024-05-01 01:00:00,119.539722,39.905178,18,建筑工程与力学学院西侧,1,2,1,0,110
2024-05-01 01:00:00,119.539069,39.904948,18,东区第一教学楼,1,2,1,0,111
2024-05-01 01:00:00,119.537932,39.904936,15,东区图书馆,1,2,1,0,112
2024-05-01 01:00:00,119.537474,39.903952,18,东区第三教学楼,1,2,1,0,113
2024-05-01 01:00:00,119.536636,39.901284,13,至明楼,1,2,1,0,114
2024-05-01 01:00:00,119.536302,39.901898,15,东区学生生活服务楼西侧,1,2,1,0,115
2024-05-01 01:00:00,119.536619,39.901877,15,东区学生生活服务楼东侧,1,2,1,0,116
2024-05-01 01:00:00,119.536717,39.902048,15,东区学生生活服务楼东北侧,1,2,1,0,117
2024-05-01 01:00:00,119.535911,39.901958,13,至博楼,1,2,1,0,118
2024-05-01 01:00:00,119.535492,39.902724,15,中快餐厅 2 食堂,1,2,1,0,119
2024-05-01 01:00:00,119.534896,39.903012,13,至雅楼南侧,1,2,1,0,120
2024-05-01 01:00:00,119.534947,39.903248,13,至雅楼北侧,1,2,1,0,121
2024-05-01 01:00:00,119.535349,39.903546,15,燕鸣湖餐厅西南侧,1,2,1,0,122
2024-05-01 01:00:00,119.535433,39.903957,15,燕鸣湖餐厅西北侧,1,2,1,0,123
2024-05-01 01:00:00,119.535337,39.905494,13,学生公寓 8 号楼,1,2,1,0,124
2024-05-01 02:00:00,119.517816,39.913239,16,第四体育场,1,2,2,0,125
2024-05-01 02:00:00,119.517939,39.916532,16,西北门,1,2,2,0,126
2024-05-01 02:00:00,119.521364,39.917036,18,信息科学与工程学院,1,2,2,0,127
2024-05-01 02:00:00,119.521864,39.917012,18,理学院,1,2,2,0,128
2024-05-01 02:00:00,119.522728,39.918136,18,理学院北侧,1,2,2,0,129
2024-05-01 02:00:00,119.522482,39.916512,18,西里西亚学院,1,2,2,0,130
2024-05-01 02:00:00,119.520487,39.914483,18,西区第五教学楼,1,2,2,0,131
2024-05-01 02:00:00,119.51965,39.913924,18,艺术学院,1,2,2,0,132
2024-05-01 02:00:00,119.520105,39.913824,18,继续教育学院,1,2,2,0,133
2024-05-01 02:00:00,119.522175,39.911633,18,西区第一教学楼北侧,1,2,2,0,134
2024-05-01 02:00:00,119.522085,39.911128,18,西区第一教学楼,1,2,2,0,135
2024-05-01 02:00:00,119.522642,39.910663,18,西区第二教学楼,1,2,2,0,136
2024-05-01 02:00:00,119.523274,39.910163,18,西区第三教学楼,1,2,2,0,137
2024-05-01 02:00:00,119.522709,39.910029,18,电气工程学院东,1,2,2,0,138
2024-05-01 02:00:00,119.521177,39.909753,18,电气工程学院西,1,2,2,0,139
2024-05-01 02:00:00,119.522369,39.909221,18,材料学院 C 楼,1,2,2,0,140
2024-05-01 02:00:00,119.52317,39.908501,18,材料学院 A 楼,1,2,2,0,141
2024-05-01 02:00:00,119.523088,39.904547,13,1 组图,1,2,2,0,142
2024-05-01 02:00:00,119.523105,39.905732,13,2 组图,1,2,2,0,143
2024-05-01 02:00:00,119.523138,39.906529,13,3 组图,1,2,2,0,144
2024-05-01 02:00:00,119.521776,39.905351,13,4 组图,1,2,2,0,145
2024-05-01 02:00:00,119.521967,39.907251,16,西区大食堂东侧,1,2,2,0,146
2024-05-01 02:00:00,119.520043,39.907417,16,西区大食堂西侧,1,2,2,0,147
2024-05-01 02:00:00,119.519858,39.908508,15,西区浴池,1,2,2,0,148
2024-05-01 02:00:00,119.518344,39.908269,15,西区超市,1,2,2,0,149
2024-05-01 02:00:00,119.518084,39.909318,13,10 组图,1,2,2,0,150
2024-05-01 02:00:00,119.517912,39.910224,13,11 组图,1,2,2,0,151
2024-05-01 02:00:00,119.517918,39.911057,15,燕园餐厅,1,2,2,0,152
2024-05-01 02:00:00,119.516213,39.910156,13,12 组图,1,2,2,0,153
2024-05-01 02:00:00,119.525995,39.906156,18,里仁教学楼西侧,1,2,2,0,154
2024-05-01 02:00:00,119.527913,39.905674,18,里仁教学楼东南侧,1,2,2,0,155
2024-05-01 02:00:00,119.526448,39.9052,15,西区大学生活动中心,1,2,2,0,156
2024-05-01 02:00:00,119.531126,39.910473,15,新图书馆西侧,1,2,2,0,157
2024-05-01 02:00:00,119.534127,39.910557,15,新图书馆东侧,1,2,2,0,158
2024-05-01 02:00:00,119.53553,39.909579,15,5 号门,1,2,2,0,159
2024-05-01 02:00:00,119.54074,39.911033,15,第二体育场,1,2,2,0,160
2024-05-01 02:00:00,119.540493,39.911157,18,体育学院东侧,1,2,2,0,161
2024-05-01 02:00:00,119.539163,39.911104,18,体育学院西侧,1,2,2,0,162
2024-05-01 02:00:00,119.53974,39.910715,18,体育学院南侧,1,2,2,0,163
2024-05-01 02:00:00,119.539941,39.910202,18,建筑系,1,2,2,0,164
2024-05-01 02:00:00,119.538739,39.909795,18,文法学院,1,2,2,0,165
2024-05-01 02:00:00,119.540025,39.909071,18,东区第四教学楼北侧,1,2,2,0,166
2024-05-01 02:00:00,119.53977,39.908658,18,东区第四教学楼南侧,1,2,2,0,167
2024-05-01 02:00:00,119.537491,39.908447,18,车辆与能源学院,1,2,2,0,168
2024-05-01 02:00:00,119.538573,39.907428,15,后勤管理处,1,2,2,0,169
2024-05-01 02:00:00,119.540408,39.905247,18,建筑工程与力学学院东侧,1,2,2,0,170
2024-05-01 02:00:00,119.540397,39.905594,18,东区第二教学楼,1,2,2,0,171
2024-05-01 02:00:00,119.539722,39.905178,18,建筑工程与力学学院西侧,1,2,2,0,172
2024-05-01 02:00:00,119.539069,39.904948,18,东区第一教学楼,1,2,2,0,173
2024-05-01 02:00:00,119.537932,39.904936,15,东区图书馆,1,2,2,0,174
2024-05-01 02:00:00,119.537474,39.903952,18,东区第三教学楼,1,2,2,0,175
2024-05-01 02:00:00,119.536636,39.901284,13,至明楼,1,2,2,0,176
2024-05-01 02:00:00,119.536302,39.901898,15,东区学生生活服务楼西侧,1,2,2,0,177
2024-05-01 02:00:00,119.536619,39.901877,15,东区学生生活服务楼东侧,1,2,2,0,178
2024-05-01 02:00:00,119.536717,39.902048,15,东区学生生活服务楼东北侧,1,2,2,0,179
2024-05-01 02:00:00,119.535911,39.901958,13,至博楼,1,2,2,0,180
2024-05-01 02:00:00,119.535492,39.902724,15,中快餐厅 2 食堂,1,2,2,0,181
2024-05-01 02:00:00,119.534896,39.903012,13,至雅楼南侧,1,2,2,0,182
2024-05-01 02:00:00,119.534947,39.903248,13,至雅楼北侧,1,2,2,0,183
2024-05-01 02:00:00,119.535349,39.903546,15,燕鸣湖餐厅西南侧,1,2,2,0,184
2024-05-01 02:00:00,119.535433,39.903957,15,燕鸣湖餐厅西北侧,1,2,2,0,185
2024-05-01 02:00:00,119.535337,39.905494,13,学生公寓 8 号楼,1,2,2,0,186
2024-05-01 03:00:00,119.517816,39.913239,16,第四体育场,1,2,3,0,187
2024-05-01 03:00:00,119.517939,39.916532,16,西北门,1,2,3,0,188
2024-05-01 03:00:00,119.521364,39.917036,18,信息科学与工程学院,1,2,3,0,189
2024-05-01 03:00:00,119.521864,39.917012,18,理学院,1,2,3,0,190
2024-05-01 03:00:00,119.522728,39.918136,18,理学院北侧,1,2,3,0,191
2024-05-01 03:00:00,119.522482,39.916512,18,西里西亚学院,1,2,3,0,192
2024-05-01 03:00:00,119.520487,39.914483,18,西区第五教学楼,1,2,3,0,193
2024-05-01 03:00:00,119.51965,39.913924,18,艺术学院,1,2,3,0,194
2024-05-01 03:00:00,119.520105,39.913824,18,继续教育学院,1,2,3,0,195
2024-05-01 03:00:00,119.522175,39.911633,18,西区第一教学楼北侧,1,2,3,0,196
2024-05-01 03:00:00,119.522085,39.911128,18,西区第一教学楼,1,2,3,0,197
2024-05-01 03:00:00,119.522642,39.910663,18,西区第二教学楼,1,2,3,0,198
2024-05-01 03:00:00,119.523274,39.910163,18,西区第三教学楼,1,2,3,0,199
2024-05-01 03:00:00,119.522709,39.910029,18,电气工程学院东,1,2,3,0,200
2024-05-01 03:00:00,119.521177,39.909753,18,电气工程学院西,1,2,3,0,201
2024-05-01 03:00:00,119.522369,39.909221,18,材料学院 C 楼,1,2,3,0,202
2024-05-01 03:00:00,119.52317,39.908501,18,材料学院 A 楼,1,2,3,0,203
2024-05-01 03:00:00,119.523088,39.904547,13,1 组图,1,2,3,0,204
2024-05-01 03:00:00,119.523105,39.905732,13,2 组图,1,2,3,0,205
2024-05-01 03:00:00,119.523138,39.906529,13,3 组图,1,2,3,0,206
2024-05-01 03:00:00,119.521776,39.905351,13,4 组图,1,2,3,0,207
2024-05-01 03:00:00,119.521967,39.907251,16,西区大食堂东侧,1,2,3,0,208
2024-05-01 03:00:00,119.520043,39.907417,16,西区大食堂西侧,1,2,3,0,209
2024-05-01 03:00:00,119.519858,39.908508,15,西区浴池,1,2,3,0,210
2024-05-01 03:00:00,119.518344,39.908269,15,西区超市,1,2,3,0,211
2024-05-01 03:00:00,119.518084,39.909318,13,10 组图,1,2,3,0,212
2024-05-01 03:00:00,119.517912,39.910224,13,11 组图,1,2,3,0,213
2024-05-01 03:00:00,119.517918,39.911057,15,燕园餐厅,1,2,3,0,214
2024-05-01 03:00:00,119.516213,39.910156,13,12 组图,1,2,3,0,215
2024-05-01 03:00:00,119.525995,39.906156,18,里仁教学楼西侧,1,2,3,0,216
2024-05-01 03:00:00,119.527913,39.905674,18,里仁教学楼东南侧,1,2,3,0,217
2024-05-01 03:00:00,119.526448,39.9052,15,西区大学生活动中心,1,2,3,0,218
2024-05-01 03:00:00,119.531126,39.910473,15,新图书馆西侧,1,2,3,0,219
2024-05-01 03:00:00,119.534127,39.910557,15,新图书馆东侧,1,2,3,0,220
2024-05-01 03:00:00,119.53553,39.909579,15,5 号门,1,2,3,0,221
2024-05-01 03:00:00,119.54074,39.911033,15,第二体育场,1,2,3,0,222
2024-05-01 03:00:00,119.540493,39.911157,18,体育学院东侧,1,2,3,0,223
2024-05-01 03:00:00,119.539163,39.911104,18,体育学院西侧,1,2,3,0,224
2024-05-01 03:00:00,119.53974,39.910715,18,体育学院南侧,1,2,3,0,225
2024-05-01 03:00:00,119.539941,39.910202,18,建筑系,1,2,3,0,226
2024-05-01 03:00:00,119.538739,39.909795,18,文法学院,1,2,3,0,227
2024-05-01 03:00:00,119.540025,39.909071,18,东区第四教学楼北侧,1,2,3,0,228
2024-05-01 03:00:00,119.53977,39.908658,18,东区第四教学楼南侧,1,2,3,0,229
2024-05-01 03:00:00,119.537491,39.908447,18,车辆与能源学院,1,2,3,0,230
2024-05-01 03:00:00,119.538573,39.907428,15,后勤管理处,1,2,3,0,231
2024-05-01 03:00:00,119.540408,39.905247,18,建筑工程与力学学院东侧,1,2,3,0,232
2024-05-01 03:00:00,119.540397,39.905594,18,东区第二教学楼,1,2,3,0,233
2024-05-01 03:00:00,119.539722,39.905178,18,建筑工程与力学学院西侧,1,2,3,0,234
2024-05-01 03:00:00,119.539069,39.904948,18,东区第一教学楼,1,2,3,0,235
2024-05-01 03:00:00,119.537932,39.904936,15,东区图书馆,1,2,3,0,236
2024-05-01 03:00:00,119.537474,39.903952,18,东区第三教学楼,1,2,3,0,237
2024-05-01 03:00:00,119.536636,39.901284,13,至明楼,1,2,3,0,238
2024-05-01 03:00:00,119.536302,39.901898,15,东区学生生活服务楼西侧,1,2,3,0,239
2024-05-01 03:00:00,119.536619,39.901877,15,东区学生生活服务楼东侧,1,2,3,0,240
2024-05-01 03:00:00,119.536717,39.902048,15,东区学生生活服务楼东北侧,1,2,3,0,241
2024-05-01 03:00:00,119.535911,39.901958,13,至博楼,1,2,3,0,242
2024-05-01 03:00:00,119.535492,39.902724,15,中快餐厅 2 食堂,1,2,3,0,243
2024-05-01 03:00:00,119.534896,39.903012,13,至雅楼南侧,1,2,3,0,244
2024-05-01 03:00:00,119.534947,39.903248,13,至雅楼北侧,1,2,3,0,245
2024-05-01 03:00:00,119.535349,39.903546,15,燕鸣湖餐厅西南侧,1,2,3,0,246
2024-05-01 03:00:00,119.535433,39.903957,15,燕鸣湖餐厅西北侧,1,2,3,0,247
2024-05-01 03:00:00,119.535337,39.905494,13,学生公寓 8 号楼,1,2,3,0,248
2024-05-01 04:00:00,119.517816,39.913239,16,第四体育场,1,2,4,0,249
2024-05-01 04:00:00,119.517939,39.916532,16,西北门,1,2,4,0,250
2024-05-01 04:00:00,119.521364,39.917036,18,信息科学与工程学院,1,2,4,0,251
2024-05-01 04:00:00,119.521864,39.917012,18,理学院,1,2,4,0,252
2024-05-01 04:00:00,119.522728,39.918136,18,理学院北侧,1,2,4,0,253
2024-05-01 04:00:00,119.522482,39.916512,18,西里西亚学院,1,2,4,0,254
2024-05-01 04:00:00,119.520487,39.914483,18,西区第五教学楼,1,2,4,0,255
2024-05-01 04:00:00,119.51965,39.913924,18,艺术学院,1,2,4,0,256
2024-05-01 04:00:00,119.520105,39.913824,18,继续教育学院,1,2,4,0,257
2024-05-01 04:00:00,119.522175,39.911633,18,西区第一教学楼北侧,1,2,4,0,258
2024-05-01 04:00:00,119.522085,39.911128,18,西区第一教学楼,1,2,4,0,259
2024-05-01 04:00:00,119.522642,39.910663,18,西区第二教学楼,1,2,4,0,260
2024-05-01 04:00:00,119.523274,39.910163,18,西区第三教学楼,1,2,4,0,261
2024-05-01 04:00:00,119.522709,39.910029,18,电气工程学院东,1,2,4,0,262
2024-05-01 04:00:00,119.521177,39.909753,18,电气工程学院西,1,2,4,0,263
2024-05-01 04:00:00,119.522369,39.909221,18,材料学院 C 楼,1,2,4,0,264
2024-05-01 04:00:00,119.52317,39.908501,18,材料学院 A 楼,1,2,4,0,265
2024-05-01 04:00:00,119.523088,39.904547,13,1 组图,1,2,4,0,266
2024-05-01 04:00:00,119.523105,39.905732,13,2 组图,1,2,4,0,267
2024-05-01 04:00:00,119.523138,39.906529,13,3 组图,1,2,4,0,268
2024-05-01 04:00:00,119.521776,39.905351,13,4 组图,1,2,4,0,269
2024-05-01 04:00:00,119.521967,39.907251,16,西区大食堂东侧,1,2,4,0,270
2024-05-01 04:00:00,119.520043,39.907417,16,西区大食堂西侧,1,2,4,0,271
2024-05-01 04:00:00,119.519858,39.908508,15,西区浴池,1,2,4,0,272
2024-05-01 04:00:00,119.518344,39.908269,15,西区超市,1,2,4,0,273
2024-05-01 04:00:00,119.518084,39.909318,13,10 组图,1,2,4,0,274
2024-05-01 04:00:00,119.517912,39.910224,13,11 组图,1,2,4,0,275
2024-05-01 04:00:00,119.517918,39.911057,15,燕园餐厅,1,2,4,0,276
2024-05-01 04:00:00,119.516213,39.910156,13,12 组图,1,2,4,0,277
2024-05-01 04:00:00,119.525995,39.906156,18,里仁教学楼西侧,1,2,4,0,278
2024-05-01 04:00:00,119.527913,39.905674,18,里仁教学楼东南侧,1,2,4,0,279
2024-05-01 04:00:00,119.526448,39.9052,15,西区大学生活动中心,1,2,4,0,280
2024-05-01 04:00:00,119.531126,39.910473,15,新图书馆西侧,1,2,4,0,281
2024-05-01 04:00:00,119.534127,39.910557,15,新图书馆东侧,1,2,4,0,282
2024-05-01 04:00:00,119.53553,39.909579,15,5 号门,1,2,4,0,283
2024-05-01 04:00:00,119.54074,39.911033,15,第二体育场,1,2,4,0,284
2024-05-01 04:00:00,119.540493,39.911157,18,体育学院东侧,1,2,4,0,285
2024-05-01 04:00:00,119.539163,39.911104,18,体育学院西侧,1,2,4,0,286
2024-05-01 04:00:00,119.53974,39.910715,18,体育学院南侧,1,2,4,0,287
2024-05-01 04:00:00,119.539941,39.910202,18,建筑系,1,2,4,0,288
2024-05-01 04:00:00,119.538739,39.909795,18,文法学院,1,2,4,0,289
2024-05-01 04:00:00,119.540025,39.909071,18,东区第四教学楼北侧,1,2,4,0,290
2024-05-01 04:00:00,119.53977,39.908658,18,东区第四教学楼南侧,1,2,4,0,291
2024-05-01 04:00:00,119.537491,39.908447,18,车辆与能源学院,1,2,4,0,292
2024-05-01 04:00:00,119.538573,39.907428,15,后勤管理处,1,2,4,0,293
2024-05-01 04:00:00,119.540408,39.905247,18,建筑工程与力学学院东侧,1,2,4,0,294
2024-05-01 04:00:00,119.540397,39.905594,18,东区第二教学楼,1,2,4,0,295
2024-05-01 04:00:00,119.539722,39.905178,18,建筑工程与力学学院西侧,1,2,4,0,296
2024-05-01 04:00:00,119.539069,39.904948,18,东区第一教学楼,1,2,4,0,297
2024-05-01 04:00:00,119.537932,39.904936,15,东区图书馆,1,2,4,0,298
2024-05-01 04:00:00,119.537474,39.903952,18,东区第三教学楼,1,2,4,0,299
2024-05-01 04:00:00,119.536636,39.901284,13,至明楼,1,2,4,0,300
2024-05-01 04:00:00,119.536302,39.901898,15,东区学生生活服务楼西侧,1,2,4,0,301
2024-05-01 04:00:00,119.536619,39.901877,15,东区学生生活服务楼东侧,1,2,4,0,302
2024-05-01 04:00:00,119.536717,39.902048,15,东区学生生活服务楼东北侧,1,2,4,0,303
2024-05-01 04:00:00,119.535911,39.901958,13,至博楼,1,2,4,0,304
2024-05-01 04:00:00,119.535492,39.902724,15,中快餐厅 2 食堂,1,2,4,0,305
2024-05-01 04:00:00,119.534896,39.903012,13,至雅楼南侧,1,2,4,0,306
2024-05-01 04:00:00,119.534947,39.903248,13,至雅楼北侧,1,2,4,0,307
2024-05-01 04:00:00,119.535349,39.903546,15,燕鸣湖餐厅西南侧,1,2,4,0,308
2024-05-01 04:00:00,119.535433,39.903957,15,燕鸣湖餐厅西北侧,1,2,4,0,309
2024-05-01 04:00:00,119.535337,39.905494,13,学生公寓 8 号楼,1,2,4,0,310
2024-05-01 05:00:00,119.517816,39.913239,16,第四体育场,1,2,5,0,311
2024-05-01 05:00:00,119.517939,39.916532,16,西北门,1,2,5,0,312
2024-05-01 05:00:00,119.521364,39.917036,18,信息科学与工程学院,1,2,5,0,313
2024-05-01 05:00:00,119.521864,39.917012,18,理学院,1,2,5,0,314
2024-05-01 05:00:00,119.522728,39.918136,18,理学院北侧,1,2,5,0,315
2024-05-01 05:00:00,119.522482,39.916512,18,西里西亚学院,1,2,5,0,316
2024-05-01 05:00:00,119.520487,39.914483,18,西区第五教学楼,1,2,5,0,317
2024-05-01 05:00:00,119.51965,39.913924,18,艺术学院,1,2,5,0,318
2024-05-01 05:00:00,119.520105,39.913824,18,继续教育学院,1,2,5,0,319
2024-05-01 05:00:00,119.522175,39.911633,18,西区第一教学楼北侧,1,2,5,0,320
2024-05-01 05:00:00,119.522085,39.911128,18,西区第一教学楼,1,2,5,0,321
2024-05-01 05:00:00,119.522642,39.910663,18,西区第二教学楼,1,2,5,0,322
2024-05-01 05:00:00,119.523274,39.910163,18,西区第三教学楼,1,2,5,0,323
2024-05-01 05:00:00,119.522709,39.910029,18,电气工程学院东,1,2,5,0,324
2024-05-01 05:00:00,119.521177,39.909753,18,电气工程学院西,1,2,5,0,325
2024-05-01 05:00:00,119.522369,39.909221,18,材料学院 C 楼,1,2,5,0,326
2024-05-01 05:00:00,119.52317,39.908501,18,材料学院 A 楼,1,2,5,0,327
2024-05-01 05:00:00,119.523088,39.904547,13,1 组图,1,2,5,0,328
2024-05-01 05:00:00,119.523105,39.905732,13,2 组图,1,2,5,0,329
2024-05-01 05:00:00,119.523138,39.906529,13,3 组图,1,2,5,0,330
2024-05-01 05:00:00,119.521776,39.905351,13,4 组图,1,2,5,0,331
2024-05-01 05:00:00,119.521967,39.907251,16,西区大食堂东侧,1,2,5,0,332
2024-05-01 05:00:00,119.520043,39.907417,16,西区大食堂西侧,1,2,5,0,333
2024-05-01 05:00:00,119.519858,39.908508,15,西区浴池,1,2,5,0,334
2024-05-01 05:00:00,119.518344,39.908269,15,西区超市,1,2,5,0,335
2024-05-01 05:00:00,119.518084,39.909318,13,10 组图,1,2,5,0,336
2024-05-01 05:00:00,119.517912,39.910224,13,11 组图,1,2,5,0,337
2024-05-01 05:00:00,119.517918,39.911057,15,燕园餐厅,1,2,5,0,338
2024-05-01 05:00:00,119.516213,39.910156,13,12 组图,1,2,5,0,339
2024-05-01 05:00:00,119.525995,39.906156,18,里仁教学楼西侧,1,2,5,0,340
2024-05-01 05:00:00,119.527913,39.905674,18,里仁教学楼东南侧,1,2,5,0,341
2024-05-01 05:00:00,119.526448,39.9052,15,西区大学生活动中心,1,2,5,0,342
2024-05-01 05:00:00,119.531126,39.910473,15,新图书馆西侧,1,2,5,0,343
2024-05-01 05:00:00,119.534127,39.910557,15,新图书馆东侧,1,2,5,0,344
2024-05-01 05:00:00,119.53553,39.909579,15,5 号门,1,2,5,0,345
2024-05-01 05:00:00,119.54074,39.911033,15,第二体育场,1,2,5,0,346
2024-05-01 05:00:00,119.540493,39.911157,18,体育学院东侧,1,2,5,0,347
2024-05-01 05:00:00,119.539163,39.911104,18,体育学院西侧,1,2,5,0,348
2024-05-01 05:00:00,119.53974,39.910715,18,体育学院南侧,1,2,5,0,349
2024-05-01 05:00:00,119.539941,39.910202,18,建筑系,1,2,5,0,350
2024-05-01 05:00:00,119.538739,39.909795,18,文法学院,1,2,5,0,351
2024-05-01 05:00:00,119.540025,39.909071,18,东区第四教学楼北侧,1,2,5,0,352
2024-05-01 05:00:00,119.53977,39.908658,18,东区第四教学楼南侧,1,2,5,0,353
2024-05-01 05:00:00,119.537491,39.908447,18,车辆与能源学院,1,2,5,0,354
2024-05-01 05:00:00,119.538573,39.907428,15,后勤管理处,1,2,5,0,355
2024-05-01 05:00:00,119.540408,39.905247,18,建筑工程与力学学院东侧,1,2,5,0,356
2024-05-01 05:00:00,119.540397,39.905594,18,东区第二教学楼,1,2,5,0,357
2024-05-01 05:00:00,119.539722,39.905178,18,建筑工程与力学学院西侧,1,2,5,0,358
2024-05-01 05:00:00,119.539069,39.904948,18,东区第一教学楼,1,2,5,0,359
2024-05-01 05:00:00,119.537932,39.904936,15,东区图书馆,1,2,5,0,360
2024-05-01 05:00:00,119.537474,39.903952,18,东区第三教学楼,1,2,5,0,361
2024-05-01 05:00:00,119.536636,39.901284,13,至明楼,1,2,5,0,362
2024-05-01 05:00:00,119.536302,39.901898,15,东区学生生活服务楼西侧,1,2,5,0,363
2024-05-01 05:00:00,119.536619,39.901877,15,东区学生生活服务楼东侧,1,2,5,0,364
2024-05-01 05:00:00,119.536717,39.902048,15,东区学生生活服务楼东北侧,1,2,5,0,365
2024-05-01 05:00:00,119.535911,39.901958,13,至博楼,1,2,5,0,366
2024-05-01 05:00:00,119.535492,39.902724,15,中快餐厅 2 食堂,1,2,5,0,367
2024-05-01 05:00:00,119.534896,39.903012,13,至雅楼南侧,1,2,5,0,368
2024-05-01 05:00:00,119.534947,39.903248,13,至雅楼北侧,1,2,5,0,369
2024-05-01 05:00:00,119.535349,39.903546,15,燕鸣湖餐厅西南侧,1,2,5,0,370
2024-05-01 05:00:00,119.535433,39.903957,15,燕鸣湖餐厅西北侧,1,2,5,0,371
2024-05-01 05:00:00,119.535337,39.905494,13,学生公寓 8 号楼,1,2,5,0,372
2024-05-01 06:00:00,119.517816,39.913239,16,第四体育场,1,2,6,0,373
2024-05-01 06:00:00,119.517939,39.916532,16,西北门,1,2,6,0,374
2024-05-01 06:00:00,119.521364,39.917036,18,信息科学与工程学院,1,2,6,0,375
2024-05-01 06:00:00,119.521864,39.917012,18,理学院,1,2,6,0,376
2024-05-01 06:00:00,119.522728,39.918136,18,理学院北侧,1,2,6,0,377
2024-05-01 06:00:00,119.522482,39.916512,18,西里西亚学院,1,2,6,0,378
2024-05-01 06:00:00,119.520487,39.914483,18,西区第五教学楼,1,2,6,0,379
2024-05-01 06:00:00,119.51965,39.913924,18,艺术学院,1,2,6,0,380
2024-05-01 06:00:00,119.520105,39.913824,18,继续教育学院,1,2,6,0,381
2024-05-01 06:00:00,119.522175,39.911633,18,西区第一教学楼北侧,1,2,6,0,382
2024-05-01 06:00:00,119.522085,39.911128,18,西区第一教学楼,1,2,6,0,383
2024-05-01 06:00:00,119.522642,39.910663,18,西区第二教学楼,1,2,6,0,384
2024-05-01 06:00:00,119.523274,39.910163,18,西区第三教学楼,1,2,6,0,385
2024-05-01 06:00:00,119.522709,39.910029,18,电气工程学院东,1,2,6,0,386
2024-05-01 06:00:00,119.521177,39.909753,18,电气工程学院西,1,2,6,0,387
2024-05-01 06:00:00,119.522369,39.909221,18,材料学院 C 楼,1,2,6,0,388
2024-05-01 06:00:00,119.52317,39.908501,18,材料学院 A 楼,1,2,6,0,389
2024-05-01 06:00:00,119.523088,39.904547,13,1 组图,1,2,6,0,390
2024-05-01 06:00:00,119.523105,39.905732,13,2 组图,1,2,6,0,391
2024-05-01 06:00:00,119.523138,39.906529,13,3 组图,1,2,6,0,392
2024-05-01 06:00:00,119.521776,39.905351,13,4 组图,1,2,6,0,393
2024-05-01 06:00:00,119.521967,39.907251,16,西区大食堂东侧,1,2,6,0,394
2024-05-01 06:00:00,119.520043,39.907417,16,西区大食堂西侧,1,2,6,0,395
2024-05-01 06:00:00,119.519858,39.908508,15,西区浴池,1,2,6,0,396
2024-05-01 06:00:00,119.518344,39.908269,15,西区超市,1,2,6,0,397
2024-05-01 06:00:00,119.518084,39.909318,13,10 组图,1,2,6,0,398
2024-05-01 06:00:00,119.517912,39.910224,13,11 组图,1,2,6,0,399
2024-05-01 06:00:00,119.517918,39.911057,15,燕园餐厅,1,2,6,0,400
2024-05-01 06:00:00,119.516213,39.910156,13,12 组图,1,2,6,0,401
2024-05-01 06:00:00,119.525995,39.906156,18,里仁教学楼西侧,1,2,6,0,402
2024-05-01 06:00:00,119.527913,39.905674,18,里仁教学楼东南侧,1,2,6,0,403
2024-05-01 06:00:00,119.526448,39.9052,15,西区大学生活动中心,1,2,6,0,404
2024-05-01 06:00:00,119.531126,39.910473,15,新图书馆西侧,1,2,6,0,405
2024-05-01 06:00:00,119.534127,39.910557,15,新图书馆东侧,1,2,6,0,406
2024-05-01 06:00:00,119.53553,39.909579,15,5 号门,1,2,6,0,407
2024-05-01 06:00:00,119.54074,39.911033,15,第二体育场,1,2,6,0,408
2024-05-01 06:00:00,119.540493,39.911157,18,体育学院东侧,1,2,6,0,409
2024-05-01 06:00:00,119.539163,39.911104,18,体育学院西侧,1,2,6,0,410
2024-05-01 06:00:00,119.53974,39.910715,18,体育学院南侧,1,2,6,0,411
2024-05-01 06:00:00,119.539941,39.910202,18,建筑系,1,2,6,0,412
2024-05-01 06:00:00,119.538739,39.909795,18,文法学院,1,2,6,0,413
2024-05-01 06:00:00,119.540025,39.909071,18,东区第四教学楼北侧,1,2,6,0,414
2024-05-01 06:00:00,119.53977,39.908658,18,东区第四教学楼南侧,1,2,6,0,415
2024-05-01 06:00:00,119.537491,39.908447,18,车辆与能源学院,1,2,6,0,416
2024-05-01 06:00:00,119.538573,39.907428,15,后勤管理处,1,2,6,0,417
2024-05-01 06:00:00,119.540408,39.905247,18,建筑工程与力学学院东侧,1,2,6,0,418
2024-05-01 06:00:00,119.540397,39.905594,18,东区第二教学楼,1,2,6,0,419
2024-05-01 06:00:00,119.539722,39.905178,18,建筑工程与力学学院西侧,1,2,6,0,420
2024-05-01 06:00:00,119.539069,39.904948,18,东区第一教学楼,1,2,6,0,421
2024-05-01 06:00:00,119.537932,39.904936,15,东区图书馆,1,2,6,0,422
2024-05-01 06:00:00,119.537474,39.903952,18,东区第三教学楼,1,2,6,0,423
2024-05-01 06:00:00,119.536636,39.901284,13,至明楼,1,2,6,0,424
2024-05-01 06:00:00,119.536302,39.901898,15,东区学生生活服务楼西侧,1,2,6,0,425
2024-05-01 06:00:00,119.536619,39.901877,15,东区学生生活服务楼东侧,1,2,6,0,426
2024-05-01 06:00:00,119.536717,39.902048,15,东区学生生活服务楼东北侧,1,2,6,0,427
2024-05-01 06:00:00,119.535911,39.901958,13,至博楼,1,2,6,0,428
2024-05-01 06:00:00,119.535492,39.902724,15,中快餐厅 2 食堂,1,2,6,0,429
2024-05-01 06:00:00,119.534896,39.903012,13,至雅楼南侧,1,2,6,0,430
2024-05-01 06:00:00,119.534947,39.903248,13,至雅楼北侧,1,2,6,0,431
2024-05-01 06:00:00,119.535349,39.903546,15,燕鸣湖餐厅西南侧,1,2,6,0,432
2024-05-01 06:00:00,119.535433,39.903957,15,燕鸣湖餐厅西北侧,1,2,6,0,433
2024-05-01 06:00:00,119.535337,39.905494,13,学生公寓 8 号楼,1,2,6,0,434
2024-05-01 07:00:00,119.517816,39.913239,20,第四体育场,1,2,7,1,435
2024-05-01 07:00:00,119.517939,39.916532,20,西北门,1,2,7,1,436
2024-05-01 07:00:00,119.521364,39.917036,15,信息科学与工程学院,1,2,7,1,437
2024-05-01 07:00:00,119.521864,39.917012,15,理学院,1,2,7,1,438
2024-05-01 07:00:00,119.522728,39.918136,15,理学院北侧,1,2,7,1,439
2024-05-01 07:00:00,119.522482,39.916512,15,西里西亚学院,1,2,7,1,440
2024-05-01 07:00:00,119.520487,39.914483,14,西区第五教学楼,1,2,7,1,441
2024-05-01 07:00:00,119.51965,39.913924,14,艺术学院,1,2,7,1,442
2024-05-01 07:00:00,119.520105,39.913824,14,继续教育学院,1,2,7,1,443
2024-05-01 07:00:00,119.522175,39.911633,14,西区第一教学楼北侧,1,2,7,1,444
2024-05-01 07:00:00,119.522085,39.911128,14,西区第一教学楼,1,2,7,1,445
2024-05-01 07:00:00,119.522642,39.910663,14,西区第二教学楼,1,2,7,1,446
2024-05-01 07:00:00,119.523274,39.910163,14,西区第三教学楼,1,2,7,1,447
2024-05-01 07:00:00,119.522709,39.910029,14,电气工程学院东,1,2,7,1,448
2024-05-01 07:00:00,119.521177,39.909753,14,电气工程学院西,1,2,7,1,449
2024-05-01 07:00:00,119.522369,39.909221,14,材料学院 C 楼,1,2,7,1,450
2024-05-01 07:00:00,119.52317,39.908501,14,材料学院 A 楼,1,2,7,1,451
2024-05-01 07:00:00,119.523088,39.904547,16,1 组图,1,2,7,1,452
2024-05-01 07:00:00,119.523105,39.905732,16,2 组图,1,2,7,1,453
2024-05-01 07:00:00,119.523138,39.906529,16,3 组图,1,2,7,1,454
2024-05-01 07:00:00,119.521776,39.905351,16,4 组图,1,2,7,1,455
2024-05-01 07:00:00,119.521967,39.907251,20,西区大食堂东侧,1,2,7,1,456
2024-05-01 07:00:00,119.520043,39.907417,20,西区大食堂西侧,1,2,7,1,457
2024-05-01 07:00:00,119.519858,39.908508,19,西区浴池,1,2,7,1,458
2024-05-01 07:00:00,119.518344,39.908269,19,西区超市,1,2,7,1,459
2024-05-01 07:00:00,119.518084,39.909318,16,10 组图,1,2,7,1,460
2024-05-01 07:00:00,119.517912,39.910224,16,11 组图,1,2,7,1,461
2024-05-01 07:00:00,119.517918,39.911057,19,燕园餐厅,1,2,7,1,462
2024-05-01 07:00:00,119.516213,39.910156,16,12 组图,1,2,7,1,463
2024-05-01 07:00:00,119.525995,39.906156,14,里仁教学楼西侧,1,2,7,1,464
2024-05-01 07:00:00,119.527913,39.905674,14,里仁教学楼东南侧,1,2,7,1,465
2024-05-01 07:00:00,119.526448,39.9052,19,西区大学生活动中心,1,2,7,1,466
2024-05-01 07:00:00,119.531126,39.910473,19,新图书馆西侧,1,2,7,1,467
2024-05-01 07:00:00,119.534127,39.910557,19,新图书馆东侧,1,2,7,1,468
2024-05-01 07:00:00,119.53553,39.909579,19,5 号门,1,2,7,1,469
2024-05-01 07:00:00,119.54074,39.911033,19,第二体育场,1,2,7,1,470
2024-05-01 07:00:00,119.540493,39.911157,14,体育学院东侧,1,2,7,1,471
2024-05-01 07:00:00,119.539163,39.911104,14,体育学院西侧,1,2,7,1,472
2024-05-01 07:00:00,119.53974,39.910715,14,体育学院南侧,1,2,7,1,473
2024-05-01 07:00:00,119.539941,39.910202,14,建筑系,1,2,7,1,474
2024-05-01 07:00:00,119.538739,39.909795,14,文法学院,1,2,7,1,475
2024-05-01 07:00:00,119.540025,39.909071,14,东区第四教学楼北侧,1,2,7,1,476
2024-05-01 07:00:00,119.53977,39.908658,14,东区第四教学楼南侧,1,2,7,1,477
2024-05-01 07:00:00,119.537491,39.908447,14,车辆与能源学院,1,2,7,1,478
2024-05-01 07:00:00,119.538573,39.907428,19,后勤管理处,1,2,7,1,479
2024-05-01 07:00:00,119.540408,39.905247,14,建筑工程与力学学院东侧,1,2,7,1,480
2024-05-01 07:00:00,119.540397,39.905594,14,东区第二教学楼,1,2,7,1,481
2024-05-01 07:00:00,119.539722,39.905178,14,建筑工程与力学学院西侧,1,2,7,1,482
2024-05-01 07:00:00,119.539069,39.904948,14,东区第一教学楼,1,2,7,1,483
2024-05-01 07:00:00,119.537932,39.904936,19,东区图书馆,1,2,7,1,484
2024-05-01 07:00:00,119.537474,39.903952,14,东区第三教学楼,1,2,7,1,485
2024-05-01 07:00:00,119.536636,39.901284,16,至明楼,1,2,7,1,486
2024-05-01 07:00:00,119.536302,39.901898,19,东区学生生活服务楼西侧,1,2,7,1,487
2024-05-01 07:00:00,119.536619,39.901877,19,东区学生生活服务楼东侧,1,2,7,1,488
2024-05-01 07:00:00,119.536717,39.902048,19,东区学生生活服务楼东北侧,1,2,7,1,489
2024-05-01 07:00:00,119.535911,39.901958,16,至博楼,1,2,7,1,490
2024-05-01 07:00:00,119.535492,39.902724,19,中快餐厅 2 食堂,1,2,7,1,491
2024-05-01 07:00:00,119.534896,39.903012,16,至雅楼南侧,1,2,7,1,492
2024-05-01 07:00:00,119.534947,39.903248,16,至雅楼北侧,1,2,7,1,493
2024-05-01 07:00:00,119.535349,39.903546,19,燕鸣湖餐厅西南侧,1,2,7,1,494
2024-05-01 07:00:00,119.535433,39.903957,19,燕鸣湖餐厅西北侧,1,2,7,1,495
2024-05-01 07:00:00,119.535337,39.905494,16,学生公寓 8 号楼,1,2,7,1,496
2024-05-01 08:00:00,119.517816,39.913239,20,第四体育场,1,2,8,1,497
2024-05-01 08:00:00,119.517939,39.916532,20,西北门,1,2,8,1,498
2024-05-01 08:00:00,119.521364,39.917036,15,信息科学与工程学院,1,2,8,1,499
2024-05-01 08:00:00,119.521864,39.917012,15,理学院,1,2,8,1,500
2024-05-01 08:00:00,119.522728,39.918136,15,理学院北侧,1,2,8,1,501
2024-05-01 08:00:00,119.522482,39.916512,15,西里西亚学院,1,2,8,1,502
2024-05-01 08:00:00,119.520487,39.914483,14,西区第五教学楼,1,2,8,1,503
2024-05-01 08:00:00,119.51965,39.913924,14,艺术学院,1,2,8,1,504
2024-05-01 08:00:00,119.520105,39.913824,14,继续教育学院,1,2,8,1,505
2024-05-01 08:00:00,119.522175,39.911633,14,西区第一教学楼北侧,1,2,8,1,506
2024-05-01 08:00:00,119.522085,39.911128,14,西区第一教学楼,1,2,8,1,507
2024-05-01 08:00:00,119.522642,39.910663,14,西区第二教学楼,1,2,8,1,508
2024-05-01 08:00:00,119.523274,39.910163,14,西区第三教学楼,1,2,8,1,509
2024-05-01 08:00:00,119.522709,39.910029,14,电气工程学院东,1,2,8,1,510
2024-05-01 08:00:00,119.521177,39.909753,14,电气工程学院西,1,2,8,1,511
2024-05-01 08:00:00,119.522369,39.909221,14,材料学院 C 楼,1,2,8,1,512
2024-05-01 08:00:00,119.52317,39.908501,14,材料学院 A 楼,1,2,8,1,513
2024-05-01 08:00:00,119.523088,39.904547,16,1 组图,1,2,8,1,514
2024-05-01 08:00:00,119.523105,39.905732,16,2 组图,1,2,8,1,515
2024-05-01 08:00:00,119.523138,39.906529,16,3 组图,1,2,8,1,516
2024-05-01 08:00:00,119.521776,39.905351,16,4 组图,1,2,8,1,517
2024-05-01 08:00:00,119.521967,39.907251,20,西区大食堂东侧,1,2,8,1,518
2024-05-01 08:00:00,119.520043,39.907417,20,西区大食堂西侧,1,2,8,1,519
2024-05-01 08:00:00,119.519858,39.908508,19,西区浴池,1,2,8,1,520
2024-05-01 08:00:00,119.518344,39.908269,19,西区超市,1,2,8,1,521
2024-05-01 08:00:00,119.518084,39.909318,16,10 组图,1,2,8,1,522
2024-05-01 08:00:00,119.517912,39.910224,16,11 组图,1,2,8,1,523
2024-05-01 08:00:00,119.517918,39.911057,19,燕园餐厅,1,2,8,1,524
2024-05-01 08:00:00,119.516213,39.910156,16,12 组图,1,2,8,1,525
2024-05-01 08:00:00,119.525995,39.906156,14,里仁教学楼西侧,1,2,8,1,526
2024-05-01 08:00:00,119.527913,39.905674,14,里仁教学楼东南侧,1,2,8,1,527
2024-05-01 08:00:00,119.526448,39.9052,19,西区大学生活动中心,1,2,8,1,528
2024-05-01 08:00:00,119.531126,39.910473,19,新图书馆西侧,1,2,8,1,529
2024-05-01 08:00:00,119.534127,39.910557,19,新图书馆东侧,1,2,8,1,530
2024-05-01 08:00:00,119.53553,39.909579,19,5 号门,1,2,8,1,531
2024-05-01 08:00:00,119.54074,39.911033,19,第二体育场,1,2,8,1,532
2024-05-01 08:00:00,119.540493,39.911157,14,体育学院东侧,1,2,8,1,533
2024-05-01 08:00:00,119.539163,39.911104,14,体育学院西侧,1,2,8,1,534
2024-05-01 08:00:00,119.53974,39.910715,14,体育学院南侧,1,2,8,1,535
2024-05-01 08:00:00,119.539941,39.910202,14,建筑系,1,2,8,1,536
2024-05-01 08:00:00,119.538739,39.909795,14,文法学院,1,2,8,1,537
2024-05-01 08:00:00,119.540025,39.909071,14,东区第四教学楼北侧,1,2,8,1,538
2024-05-01 08:00:00,119.53977,39.908658,14,东区第四教学楼南侧,1,2,8,1,539
2024-05-01 08:00:00,119.537491,39.908447,14,车辆与能源学院,1,2,8,1,540
2024-05-01 08:00:00,119.538573,39.907428,19,后勤管理处,1,2,8,1,541
2024-05-01 08:00:00,119.540408,39.905247,14,建筑工程与力学学院东侧,1,2,8,1,542
2024-05-01 08:00:00,119.540397,39.905594,14,东区第二教学楼,1,2,8,1,543
2024-05-01 08:00:00,119.539722,39.905178,14,建筑工程与力学学院西侧,1,2,8,1,544
2024-05-01 08:00:00,119.539069,39.904948,14,东区第一教学楼,1,2,8,1,545
2024-05-01 08:00:00,119.537932,39.904936,19,东区图书馆,1,2,8,1,546
2024-05-01 08:00:00,119.537474,39.903952,14,东区第三教学楼,1,2,8,1,547
2024-05-01 08:00:00,119.536636,39.901284,16,至明楼,1,2,8,1,548
2024-05-01 08:00:00,119.536302,39.901898,19,东区学生生活服务楼西侧,1,2,8,1,549
2024-05-01 08:00:00,119.536619,39.901877,19,东区学生生活服务楼东侧,1,2,8,1,550
2024-05-01 08:00:00,119.536717,39.902048,19,东区学生生活服务楼东北侧,1,2,8,1,551
2024-05-01 08:00:00,119.535911,39.901958,16,至博楼,1,2,8,1,552
2024-05-01 08:00:00,119.535492,39.902724,19,中快餐厅 2 食堂,1,2,8,1,553
2024-05-01 08:00:00,119.534896,39.903012,16,至雅楼南侧,1,2,8,1,554
2024-05-01 08:00:00,119.534947,39.903248,16,至雅楼北侧,1,2,8,1,555
2024-05-01 08:00:00,119.535349,39.903546,19,燕鸣湖餐厅西南侧,1,2,8,1,556
2024-05-01 08:00:00,119.535433,39.903957,19,燕鸣湖餐厅西北侧,1,2,8,1,557
2024-05-01 08:00:00,119.535337,39.905494,16,学生公寓 8 号楼,1,2,8,1,558
2024-05-01 09:00:00,119.517816,39.913239,20,第四体育场,1,2,9,1,559
2024-05-01 09:00:00,119.517939,39.916532,20,西北门,1,2,9,1,560
2024-05-01 09:00:00,119.521364,39.917036,15,信息科学与工程学院,1,2,9,1,561
2024-05-01 09:00:00,119.521864,39.917012,15,理学院,1,2,9,1,562
2024-05-01 09:00:00,119.522728,39.918136,15,理学院北侧,1,2,9,1,563
2024-05-01 09:00:00,119.522482,39.916512,15,西里西亚学院,1,2,9,1,564
2024-05-01 09:00:00,119.520487,39.914483,14,西区第五教学楼,1,2,9,1,565
2024-05-01 09:00:00,119.51965,39.913924,14,艺术学院,1,2,9,1,566
2024-05-01 09:00:00,119.520105,39.913824,14,继续教育学院,1,2,9,1,567
2024-05-01 09:00:00,119.522175,39.911633,14,西区第一教学楼北侧,1,2,9,1,568
2024-05-01 09:00:00,119.522085,39.911128,14,西区第一教学楼,1,2,9,1,569
2024-05-01 09:00:00,119.522642,39.910663,14,西区第二教学楼,1,2,9,1,570
2024-05-01 09:00:00,119.523274,39.910163,14,西区第三教学楼,1,2,9,1,571
2024-05-01 09:00:00,119.522709,39.910029,14,电气工程学院东,1,2,9,1,572
2024-05-01 09:00:00,119.521177,39.909753,14,电气工程学院西,1,2,9,1,573
2024-05-01 09:00:00,119.522369,39.909221,14,材料学院 C 楼,1,2,9,1,574
2024-05-01 09:00:00,119.52317,39.908501,14,材料学院 A 楼,1,2,9,1,575
2024-05-01 09:00:00,119.523088,39.904547,16,1 组图,1,2,9,1,576
2024-05-01 09:00:00,119.523105,39.905732,16,2 组图,1,2,9,1,577
2024-05-01 09:00:00,119.523138,39.906529,16,3 组图,1,2,9,1,578
2024-05-01 09:00:00,119.521776,39.905351,16,4 组图,1,2,9,1,579
2024-05-01 09:00:00,119.521967,39.907251,20,西区大食堂东侧,1,2,9,1,580
2024-05-01 09:00:00,119.520043,39.907417,20,西区大食堂西侧,1,2,9,1,581
2024-05-01 09:00:00,119.519858,39.908508,19,西区浴池,1,2,9,1,582
2024-05-01 09:00:00,119.518344,39.908269,19,西区超市,1,2,9,1,583
2024-05-01 09:00:00,119.518084,39.909318,16,10 组图,1,2,9,1,584
2024-05-01 09:00:00,119.517912,39.910224,16,11 组图,1,2,9,1,585
2024-05-01 09:00:00,119.517918,39.911057,19,燕园餐厅,1,2,9,1,586
2024-05-01 09:00:00,119.516213,39.910156,16,12 组图,1,2,9,1,587
2024-05-01 09:00:00,119.525995,39.906156,14,里仁教学楼西侧,1,2,9,1,588
2024-05-01 09:00:00,119.527913,39.905674,14,里仁教学楼东南侧,1,2,9,1,589
2024-05-01 09:00:00,119.526448,39.9052,19,西区大学生活动中心,1,2,9,1,590
2024-05-01 09:00:00,119.531126,39.910473,19,新图书馆西侧,1,2,9,1,591
2024-05-01 09:00:00,119.534127,39.910557,19,新图书馆东侧,1,2,9,1,592
2024-05-01 09:00:00,119.53553,39.909579,19,5 号门,1,2,9,1,593
2024-05-01 09:00:00,119.54074,39.911033,19,第二体育场,1,2,9,1,594
2024-05-01 09:00:00,119.540493,39.911157,14,体育学院东侧,1,2,9,1,595
2024-05-01 09:00:00,119.539163,39.911104,14,体育学院西侧,1,2,9,1,596
2024-05-01 09:00:00,119.53974,39.910715,14,体育学院南侧,1,2,9,1,597
2024-05-01 09:00:00,119.539941,39.910202,14,建筑系,1,2,9,1,598
2024-05-01 09:00:00,119.538739,39.909795,14,文法学院,1,2,9,1,599
2024-05-01 09:00:00,119.540025,39.909071,14,东区第四教学楼北侧,1,2,9,1,600
2024-05-01 09:00:00,119.53977,39.908658,14,东区第四教学楼南侧,1,2,9,1,601
2024-05-01 09:00:00,119.537491,39.908447,14,车辆与能源学院,1,2,9,1,602
2024-05-01 09:00:00,119.538573,39.907428,19,后勤管理处,1,2,9,1,603
2024-05-01 09:00:00,119.540408,39.905247,14,建筑工程与力学学院东侧,1,2,9,1,604
2024-05-01 09:00:00,119.540397,39.905594,14,东区第二教学楼,1,2,9,1,605
2024-05-01 09:00:00,119.539722,39.905178,14,建筑工程与力学学院西侧,1,2,9,1,606
2024-05-01 09:00:00,119.539069,39.904948,14,东区第一教学楼,1,2,9,1,607
2024-05-01 09:00:00,119.537932,39.904936,19,东区图书馆,1,2,9,1,608
2024-05-01 09:00:00,119.537474,39.903952,14,东区第三教学楼,1,2,9,1,609
2024-05-01 09:00:00,119.536636,39.901284,16,至明楼,1,2,9,1,610
2024-05-01 09:00:00,119.536302,39.901898,19,东区学生生活服务楼西侧,1,2,9,1,611
2024-05-01 09:00:00,119.536619,39.901877,19,东区学生生活服务楼东侧,1,2,9,1,612
2024-05-01 09:00:00,119.536717,39.902048,19,东区学生生活服务楼东北侧,1,2,9,1,613
2024-05-01 09:00:00,119.535911,39.901958,16,至博楼,1,2,9,1,614
2024-05-01 09:00:00,119.535492,39.902724,19,中快餐厅 2 食堂,1,2,9,1,615
2024-05-01 09:00:00,119.534896,39.903012,16,至雅楼南侧,1,2,9,1,616
2024-05-01 09:00:00,119.534947,39.903248,16,至雅楼北侧,1,2,9,1,617
2024-05-01 09:00:00,119.535349,39.903546,19,燕鸣湖餐厅西南侧,1,2,9,1,618
2024-05-01 09:00:00,119.535433,39.903957,19,燕鸣湖餐厅西北侧,1,2,9,1,619
2024-05-01 09:00:00,119.535337,39.905494,16,学生公寓 8 号楼,1,2,9,1,620
2024-05-01 10:00:00,119.517816,39.913239,20,第四体育场,1,2,10,0,621
2024-05-01 10:00:00,119.517939,39.916532,20,西北门,1,2,10,0,622
2024-05-01 10:00:00,119.521364,39.917036,15,信息科学与工程学院,1,2,10,0,623
2024-05-01 10:00:00,119.521864,39.917012,15,理学院,1,2,10,0,624
2024-05-01 10:00:00,119.522728,39.918136,15,理学院北侧,1,2,10,0,625
2024-05-01 10:00:00,119.522482,39.916512,15,西里西亚学院,1,2,10,0,626
2024-05-01 10:00:00,119.520487,39.914483,14,西区第五教学楼,1,2,10,0,627
2024-05-01 10:00:00,119.51965,39.913924,14,艺术学院,1,2,10,0,628
2024-05-01 10:00:00,119.520105,39.913824,14,继续教育学院,1,2,10,0,629
2024-05-01 10:00:00,119.522175,39.911633,14,西区第一教学楼北侧,1,2,10,0,630
2024-05-01 10:00:00,119.522085,39.911128,14,西区第一教学楼,1,2,10,0,631
2024-05-01 10:00:00,119.522642,39.910663,14,西区第二教学楼,1,2,10,0,632
2024-05-01 10:00:00,119.523274,39.910163,14,西区第三教学楼,1,2,10,0,633
2024-05-01 10:00:00,119.522709,39.910029,14,电气工程学院东,1,2,10,0,634
2024-05-01 10:00:00,119.521177,39.909753,14,电气工程学院西,1,2,10,0,635
2024-05-01 10:00:00,119.522369,39.909221,14,材料学院 C 楼,1,2,10,0,636
2024-05-01 10:00:00,119.52317,39.908501,14,材料学院 A 楼,1,2,10,0,637
2024-05-01 10:00:00,119.523088,39.904547,16,1 组图,1,2,10,0,638
2024-05-01 10:00:00,119.523105,39.905732,16,2 组图,1,2,10,0,639
2024-05-01 10:00:00,119.523138,39.906529,16,3 组图,1,2,10,0,640
2024-05-01 10:00:00,119.521776,39.905351,16,4 组图,1,2,10,0,641
2024-05-01 10:00:00,119.521967,39.907251,20,西区大食堂东侧,1,2,10,0,642
2024-05-01 10:00:00,119.520043,39.907417,20,西区大食堂西侧,1,2,10,0,643
2024-05-01 10:00:00,119.519858,39.908508,19,西区浴池,1,2,10,0,644
2024-05-01 10:00:00,119.518344,39.908269,19,西区超市,1,2,10,0,645
2024-05-01 10:00:00,119.518084,39.909318,16,10 组图,1,2,10,0,646
2024-05-01 10:00:00,119.517912,39.910224,16,11 组图,1,2,10,0,647
2024-05-01 10:00:00,119.517918,39.911057,19,燕园餐厅,1,2,10,0,648
2024-05-01 10:00:00,119.516213,39.910156,16,12 组图,1,2,10,0,649
2024-05-01 10:00:00,119.525995,39.906156,14,里仁教学楼西侧,1,2,10,0,650
2024-05-01 10:00:00,119.527913,39.905674,14,里仁教学楼东南侧,1,2,10,0,651
2024-05-01 10:00:00,119.526448,39.9052,19,西区大学生活动中心,1,2,10,0,652
2024-05-01 10:00:00,119.531126,39.910473,19,新图书馆西侧,1,2,10,0,653
2024-05-01 10:00:00,119.534127,39.910557,19,新图书馆东侧,1,2,10,0,654
2024-05-01 10:00:00,119.53553,39.909579,19,5 号门,1,2,10,0,655
2024-05-01 10:00:00,119.54074,39.911033,19,第二体育场,1,2,10,0,656
2024-05-01 10:00:00,119.540493,39.911157,14,体育学院东侧,1,2,10,0,657
2024-05-01 10:00:00,119.539163,39.911104,14,体育学院西侧,1,2,10,0,658
2024-05-01 10:00:00,119.53974,39.910715,14,体育学院南侧,1,2,10,0,659
2024-05-01 10:00:00,119.539941,39.910202,14,建筑系,1,2,10,0,660
2024-05-01 10:00:00,119.538739,39.909795,14,文法学院,1,2,10,0,661
2024-05-01 10:00:00,119.540025,39.909071,14,东区第四教学楼北侧,1,2,10,0,662
2024-05-01 10:00:00,119.53977,39.908658,14,东区第四教学楼南侧,1,2,10,0,663
2024-05-01 10:00:00,119.537491,39.908447,14,车辆与能源学院,1,2,10,0,664
2024-05-01 10:00:00,119.538573,39.907428,19,后勤管理处,1,2,10,0,665
2024-05-01 10:00:00,119.540408,39.905247,14,建筑工程与力学学院东侧,1,2,10,0,666
2024-05-01 10:00:00,119.540397,39.905594,14,东区第二教学楼,1,2,10,0,667
2024-05-01 10:00:00,119.539722,39.905178,14,建筑工程与力学学院西侧,1,2,10,0,668
2024-05-01 10:00:00,119.539069,39.904948,14,东区第一教学楼,1,2,10,0,669
2024-05-01 10:00:00,119.537932,39.904936,19,东区图书馆,1,2,10,0,670
2024-05-01 10:00:00,119.537474,39.903952,14,东区第三教学楼,1,2,10,0,671
2024-05-01 10:00:00,119.536636,39.901284,16,至明楼,1,2,10,0,672
2024-05-01 10:00:00,119.536302,39.901898,19,东区学生生活服务楼西侧,1,2,10,0,673
2024-05-01 10:00:00,119.536619,39.901877,19,东区学生生活服务楼东侧,1,2,10,0,674
2024-05-01 10:00:00,119.536717,39.902048,19,东区学生生活服务楼东北侧,1,2,10,0,675
2024-05-01 10:00:00,119.535911,39.901958,16,至博楼,1,2,10,0,676
2024-05-01 10:00:00,119.535492,39.902724,19,中快餐厅 2 食堂,1,2,10,0,677
2024-05-01 10:00:00,119.534896,39.903012,16,至雅楼南侧,1,2,10,0,678
2024-05-01 10:00:00,119.534947,39.903248,16,至雅楼北侧,1,2,10,0,679
2024-05-01 10:00:00,119.535349,39.903546,19,燕鸣湖餐厅西南侧,1,2,10,0,680
2024-05-01 10:00:00,119.535433,39.903957,19,燕鸣湖餐厅西北侧,1,2,10,0,681
2024-05-01 10:00:00,119.535337,39.905494,16,学生公寓 8 号楼,1,2,10,0,682
2024-05-01 11:00:00,119.517816,39.913239,18,第四体育场,1,2,11,0,683
2024-05-01 11:00:00,119.517939,39.916532,18,西北门,1,2,11,0,684
2024-05-01 11:00:00,119.521364,39.917036,17,信息科学与工程学院,1,2,11,0,685
2024-05-01 11:00:00,119.521864,39.917012,17,理学院,1,2,11,0,686
2024-05-01 11:00:00,119.522728,39.918136,17,理学院北侧,1,2,11,0,687
2024-05-01 11:00:00,119.522482,39.916512,17,西里西亚学院,1,2,11,0,688
2024-05-01 11:00:00,119.520487,39.914483,17,西区第五教学楼,1,2,11,0,689
2024-05-01 11:00:00,119.51965,39.913924,17,艺术学院,1,2,11,0,690
2024-05-01 11:00:00,119.520105,39.913824,17,继续教育学院,1,2,11,0,691
2024-05-01 11:00:00,119.522175,39.911633,17,西区第一教学楼北侧,1,2,11,0,692
2024-05-01 11:00:00,119.522085,39.911128,17,西区第一教学楼,1,2,11,0,693
2024-05-01 11:00:00,119.522642,39.910663,17,西区第二教学楼,1,2,11,0,694
2024-05-01 11:00:00,119.523274,39.910163,17,西区第三教学楼,1,2,11,0,695
2024-05-01 11:00:00,119.522709,39.910029,17,电气工程学院东,1,2,11,0,696
2024-05-01 11:00:00,119.521177,39.909753,17,电气工程学院西,1,2,11,0,697
2024-05-01 11:00:00,119.522369,39.909221,17,材料学院 C 楼,1,2,11,0,698
2024-05-01 11:00:00,119.52317,39.908501,17,材料学院 A 楼,1,2,11,0,699
2024-05-01 11:00:00,119.523088,39.904547,14,1 组图,1,2,11,0,700
2024-05-01 11:00:00,119.523105,39.905732,14,2 组图,1,2,11,0,701
2024-05-01 11:00:00,119.523138,39.906529,14,3 组图,1,2,11,0,702
2024-05-01 11:00:00,119.521776,39.905351,14,4 组图,1,2,11,0,703
2024-05-01 11:00:00,119.521967,39.907251,18,西区大食堂东侧,1,2,11,0,704
2024-05-01 11:00:00,119.520043,39.907417,18,西区大食堂西侧,1,2,11,0,705
2024-05-01 11:00:00,119.519858,39.908508,17,西区浴池,1,2,11,0,706
2024-05-01 11:00:00,119.518344,39.908269,17,西区超市,1,2,11,0,707
2024-05-01 11:00:00,119.518084,39.909318,14,10 组图,1,2,11,0,708
2024-05-01 11:00:00,119.517912,39.910224,14,11 组图,1,2,11,0,709
2024-05-01 11:00:00,119.517918,39.911057,17,燕园餐厅,1,2,11,0,710
2024-05-01 11:00:00,119.516213,39.910156,14,12 组图,1,2,11,0,711
2024-05-01 11:00:00,119.525995,39.906156,17,里仁教学楼西侧,1,2,11,0,712
2024-05-01 11:00:00,119.527913,39.905674,17,里仁教学楼东南侧,1,2,11,0,713
2024-05-01 11:00:00,119.526448,39.9052,17,西区大学生活动中心,1,2,11,0,714
2024-05-01 11:00:00,119.531126,39.910473,17,新图书馆西侧,1,2,11,0,715
2024-05-01 11:00:00,119.534127,39.910557,17,新图书馆东侧,1,2,11,0,716
2024-05-01 11:00:00,119.53553,39.909579,17,5 号门,1,2,11,0,717
2024-05-01 11:00:00,119.54074,39.911033,16,第二体育场,1,2,11,0,718
2024-05-01 11:00:00,119.540493,39.911157,16,体育学院东侧,1,2,11,0,719
2024-05-01 11:00:00,119.539163,39.911104,16,体育学院西侧,1,2,11,0,720
2024-05-01 11:00:00,119.53974,39.910715,16,体育学院南侧,1,2,11,0,721
2024-05-01 11:00:00,119.539941,39.910202,16,建筑系,1,2,11,0,722
2024-05-01 11:00:00,119.538739,39.909795,16,文法学院,1,2,11,0,723
2024-05-01 11:00:00,119.540025,39.909071,16,东区第四教学楼北侧,1,2,11,0,724
2024-05-01 11:00:00,119.53977,39.908658,16,东区第四教学楼南侧,1,2,11,0,725
2024-05-01 11:00:00,119.537491,39.908447,16,车辆与能源学院,1,2,11,0,726
2024-05-01 11:00:00,119.538573,39.907428,16,后勤管理处,1,2,11,0,727
2024-05-01 11:00:00,119.540408,39.905247,16,建筑工程与力学学院东侧,1,2,11,0,728
2024-05-01 11:00:00,119.540397,39.905594,16,东区第二教学楼,1,2,11,0,729
2024-05-01 11:00:00,119.539722,39.905178,16,建筑工程与力学学院西侧,1,2,11,0,730
2024-05-01 11:00:00,119.539069,39.904948,16,东区第一教学楼,1,2,11,0,731
2024-05-01 11:00:00,119.537932,39.904936,16,东区图书馆,1,2,11,0,732
2024-05-01 11:00:00,119.537474,39.903952,16,东区第三教学楼,1,2,11,0,733
2024-05-01 11:00:00,119.536636,39.901284,14,至明楼,1,2,11,0,734
2024-05-01 11:00:00,119.536302,39.901898,16,东区学生生活服务楼西侧,1,2,11,0,735
2024-05-01 11:00:00,119.536619,39.901877,16,东区学生生活服务楼东侧,1,2,11,0,736
2024-05-01 11:00:00,119.536717,39.902048,16,东区学生生活服务楼东北侧,1,2,11,0,737
2024-05-01 11:00:00,119.535911,39.901958,14,至博楼,1,2,11,0,738
2024-05-01 11:00:00,119.535492,39.902724,16,中快餐厅 2 食堂,1,2,11,0,739
2024-05-01 11:00:00,119.534896,39.903012,14,至雅楼南侧,1,2,11,0,740
2024-05-01 11:00:00,119.534947,39.903248,14,至雅楼北侧,1,2,11,0,741
2024-05-01 11:00:00,119.535349,39.903546,16,燕鸣湖餐厅西南侧,1,2,11,0,742
2024-05-01 11:00:00,119.535433,39.903957,16,燕鸣湖餐厅西北侧,1,2,11,0,743
2024-05-01 11:00:00,119.535337,39.905494,14,学生公寓 8 号楼,1,2,11,0,744
2024-05-01 12:00:00,119.517816,39.913239,16,第四体育场,1,2,12,0,745
2024-05-01 12:00:00,119.517939,39.916532,16,西北门,1,2,12,0,746
2024-05-01 12:00:00,119.521364,39.917036,18,信息科学与工程学院,1,2,12,0,747
2024-05-01 12:00:00,119.521864,39.917012,18,理学院,1,2,12,0,748
2024-05-01 12:00:00,119.522728,39.918136,18,理学院北侧,1,2,12,0,749
2024-05-01 12:00:00,119.522482,39.916512,18,西里西亚学院,1,2,12,0,750
2024-05-01 12:00:00,119.520487,39.914483,18,西区第五教学楼,1,2,12,0,751
2024-05-01 12:00:00,119.51965,39.913924,18,艺术学院,1,2,12,0,752
2024-05-01 12:00:00,119.520105,39.913824,18,继续教育学院,1,2,12,0,753
2024-05-01 12:00:00,119.522175,39.911633,18,西区第一教学楼北侧,1,2,12,0,754
2024-05-01 12:00:00,119.522085,39.911128,18,西区第一教学楼,1,2,12,0,755
2024-05-01 12:00:00,119.522642,39.910663,18,西区第二教学楼,1,2,12,0,756
2024-05-01 12:00:00,119.523274,39.910163,18,西区第三教学楼,1,2,12,0,757
2024-05-01 12:00:00,119.522709,39.910029,18,电气工程学院东,1,2,12,0,758
2024-05-01 12:00:00,119.521177,39.909753,18,电气工程学院西,1,2,12,0,759
2024-05-01 12:00:00,119.522369,39.909221,18,材料学院 C 楼,1,2,12,0,760
2024-05-01 12:00:00,119.52317,39.908501,18,材料学院 A 楼,1,2,12,0,761
2024-05-01 12:00:00,119.523088,39.904547,13,1 组图,1,2,12,0,762
2024-05-01 12:00:00,119.523105,39.905732,13,2 组图,1,2,12,0,763
2024-05-01 12:00:00,119.523138,39.906529,13,3 组图,1,2,12,0,764
2024-05-01 12:00:00,119.521776,39.905351,13,4 组图,1,2,12,0,765
2024-05-01 12:00:00,119.521967,39.907251,16,西区大食堂东侧,1,2,12,0,766
2024-05-01 12:00:00,119.520043,39.907417,16,西区大食堂西侧,1,2,12,0,767
2024-05-01 12:00:00,119.519858,39.908508,15,西区浴池,1,2,12,0,768
2024-05-01 12:00:00,119.518344,39.908269,15,西区超市,1,2,12,0,769
2024-05-01 12:00:00,119.518084,39.909318,13,10 组图,1,2,12,0,770
2024-05-01 12:00:00,119.517912,39.910224,13,11 组图,1,2,12,0,771
2024-05-01 12:00:00,119.517918,39.911057,15,燕园餐厅,1,2,12,0,772
2024-05-01 12:00:00,119.516213,39.910156,13,12 组图,1,2,12,0,773
2024-05-01 12:00:00,119.525995,39.906156,18,里仁教学楼西侧,1,2,12,0,774
2024-05-01 12:00:00,119.527913,39.905674,18,里仁教学楼东南侧,1,2,12,0,775
2024-05-01 12:00:00,119.526448,39.9052,15,西区大学生活动中心,1,2,12,0,776
2024-05-01 12:00:00,119.531126,39.910473,15,新图书馆西侧,1,2,12,0,777
2024-05-01 12:00:00,119.534127,39.910557,15,新图书馆东侧,1,2,12,0,778
2024-05-01 12:00:00,119.53553,39.909579,15,5 号门,1,2,12,0,779
2024-05-01 12:00:00,119.54074,39.911033,15,第二体育场,1,2,12,0,780
2024-05-01 12:00:00,119.540493,39.911157,18,体育学院东侧,1,2,12,0,781
2024-05-01 12:00:00,119.539163,39.911104,18,体育学院西侧,1,2,12,0,782
2024-05-01 12:00:00,119.53974,39.910715,18,体育学院南侧,1,2,12,0,783
2024-05-01 12:00:00,119.539941,39.910202,18,建筑系,1,2,12,0,784
2024-05-01 12:00:00,119.538739,39.909795,18,文法学院,1,2,12,0,785
2024-05-01 12:00:00,119.540025,39.909071,18,东区第四教学楼北侧,1,2,12,0,786
2024-05-01 12:00:00,119.53977,39.908658,18,东区第四教学楼南侧,1,2,12,0,787
2024-05-01 12:00:00,119.537491,39.908447,18,车辆与能源学院,1,2,12,0,788
2024-05-01 12:00:00,119.538573,39.907428,15,后勤管理处,1,2,12,0,789
2024-05-01 12:00:00,119.540408,39.905247,18,建筑工程与力学学院东侧,1,2,12,0,790
2024-05-01 12:00:00,119.540397,39.905594,18,东区第二教学楼,1,2,12,0,791
2024-05-01 12:00:00,119.539722,39.905178,18,建筑工程与力学学院西侧,1,2,12,0,792
2024-05-01 12:00:00,119.539069,39.904948,18,东区第一教学楼,1,2,12,0,793
2024-05-01 12:00:00,119.537932,39.904936,15,东区图书馆,1,2,12,0,794
2024-05-01 12:00:00,119.537474,39.903952,18,东区第三教学楼,1,2,12,0,795
2024-05-01 12:00:00,119.536636,39.901284,13,至明楼,1,2,12,0,796
2024-05-01 12:00:00,119.536302,39.901898,15,东区学生生活服务楼西侧,1,2,12,0,797
2024-05-01 12:00:00,119.536619,39.901877,15,东区学生生活服务楼东侧,1,2,12,0,798
2024-05-01 12:00:00,119.536717,39.902048,15,东区学生生活服务楼东北侧,1,2,12,0,799
2024-05-01 12:00:00,119.535911,39.901958,13,至博楼,1,2,12,0,800
2024-05-01 12:00:00,119.535492,39.902724,15,中快餐厅 2 食堂,1,2,12,0,801
2024-05-01 12:00:00,119.534896,39.903012,13,至雅楼南侧,1,2,12,0,802
2024-05-01 12:00:00,119.534947,39.903248,13,至雅楼北侧,1,2,12,0,803
2024-05-01 12:00:00,119.535349,39.903546,15,燕鸣湖餐厅西南侧,1,2,12,0,804
2024-05-01 12:00:00,119.535433,39.903957,15,燕鸣湖餐厅西北侧,1,2,12,0,805
2024-05-01 12:00:00,119.535337,39.905494,13,学生公寓 8 号楼,1,2,12,0,806
2024-05-01 13:00:00,119.517816,39.913239,16,第四体育场,1,2,13,0,807
2024-05-01 13:00:00,119.517939,39.916532,16,西北门,1,2,13,0,808
2024-05-01 13:00:00,119.521364,39.917036,18,信息科学与工程学院,1,2,13,0,809
2024-05-01 13:00:00,119.521864,39.917012,18,理学院,1,2,13,0,810
2024-05-01 13:00:00,119.522728,39.918136,18,理学院北侧,1,2,13,0,811
2024-05-01 13:00:00,119.522482,39.916512,18,西里西亚学院,1,2,13,0,812
2024-05-01 13:00:00,119.520487,39.914483,18,西区第五教学楼,1,2,13,0,813
2024-05-01 13:00:00,119.51965,39.913924,18,艺术学院,1,2,13,0,814
2024-05-01 13:00:00,119.520105,39.913824,18,继续教育学院,1,2,13,0,815
2024-05-01 13:00:00,119.522175,39.911633,18,西区第一教学楼北侧,1,2,13,0,816
2024-05-01 13:00:00,119.522085,39.911128,18,西区第一教学楼,1,2,13,0,817
2024-05-01 13:00:00,119.522642,39.910663,18,西区第二教学楼,1,2,13,0,818
2024-05-01 13:00:00,119.523274,39.910163,18,西区第三教学楼,1,2,13,0,819
2024-05-01 13:00:00,119.522709,39.910029,18,电气工程学院东,1,2,13,0,820
2024-05-01 13:00:00,119.521177,39.909753,18,电气工程学院西,1,2,13,0,821
2024-05-01 13:00:00,119.522369,39.909221,18,材料学院 C 楼,1,2,13,0,822
2024-05-01 13:00:00,119.52317,39.908501,18,材料学院 A 楼,1,2,13,0,823
2024-05-01 13:00:00,119.523088,39.904547,13,1 组图,1,2,13,0,824
2024-05-01 13:00:00,119.523105,39.905732,13,2 组图,1,2,13,0,825
2024-05-01 13:00:00,119.523138,39.906529,13,3 组图,1,2,13,0,826
2024-05-01 13:00:00,119.521776,39.905351,13,4 组图,1,2,13,0,827
2024-05-01 13:00:00,119.521967,39.907251,16,西区大食堂东侧,1,2,13,0,828
2024-05-01 13:00:00,119.520043,39.907417,16,西区大食堂西侧,1,2,13,0,829
2024-05-01 13:00:00,119.519858,39.908508,15,西区浴池,1,2,13,0,830
2024-05-01 13:00:00,119.518344,39.908269,15,西区超市,1,2,13,0,831
2024-05-01 13:00:00,119.518084,39.909318,13,10 组图,1,2,13,0,832
2024-05-01 13:00:00,119.517912,39.910224,13,11 组图,1,2,13,0,833
2024-05-01 13:00:00,119.517918,39.911057,15,燕园餐厅,1,2,13,0,834
2024-05-01 13:00:00,119.516213,39.910156,13,12 组图,1,2,13,0,835
2024-05-01 13:00:00,119.525995,39.906156,18,里仁教学楼西侧,1,2,13,0,836
2024-05-01 13:00:00,119.527913,39.905674,18,里仁教学楼东南侧,1,2,13,0,837
2024-05-01 13:00:00,119.526448,39.9052,15,西区大学生活动中心,1,2,13,0,838
2024-05-01 13:00:00,119.531126,39.910473,15,新图书馆西侧,1,2,13,0,839
2024-05-01 13:00:00,119.534127,39.910557,15,新图书馆东侧,1,2,13,0,840
2024-05-01 13:00:00,119.53553,39.909579,15,5 号门,1,2,13,0,841
2024-05-01 13:00:00,119.54074,39.911033,15,第二体育场,1,2,13,0,842
2024-05-01 13:00:00,119.540493,39.911157,18,体育学院东侧,1,2,13,0,843
2024-05-01 13:00:00,119.539163,39.911104,18,体育学院西侧,1,2,13,0,844
2024-05-01 13:00:00,119.53974,39.910715,18,体育学院南侧,1,2,13,0,845
2024-05-01 13:00:00,119.539941,39.910202,18,建筑系,1,2,13,0,846
2024-05-01 13:00:00,119.538739,39.909795,18,文法学院,1,2,13,0,847
2024-05-01 13:00:00,119.540025,39.909071,18,东区第四教学楼北侧,1,2,13,0,848
2024-05-01 13:00:00,119.53977,39.908658,18,东区第四教学楼南侧,1,2,13,0,849
2024-05-01 13:00:00,119.537491,39.908447,18,车辆与能源学院,1,2,13,0,850
2024-05-01 13:00:00,119.538573,39.907428,15,后勤管理处,1,2,13,0,851
2024-05-01 13:00:00,119.540408,39.905247,18,建筑工程与力学学院东侧,1,2,13,0,852
2024-05-01 13:00:00,119.540397,39.905594,18,东区第二教学楼,1,2,13,0,853
2024-05-01 13:00:00,119.539722,39.905178,18,建筑工程与力学学院西侧,1,2,13,0,854
2024-05-01 13:00:00,119.539069,39.904948,18,东区第一教学楼,1,2,13,0,855
2024-05-01 13:00:00,119.537932,39.904936,15,东区图书馆,1,2,13,0,856
2024-05-01 13:00:00,119.537474,39.903952,18,东区第三教学楼,1,2,13,0,857
2024-05-01 13:00:00,119.536636,39.901284,13,至明楼,1,2,13,0,858
2024-05-01 13:00:00,119.536302,39.901898,15,东区学生生活服务楼西侧,1,2,13,0,859
2024-05-01 13:00:00,119.536619,39.901877,15,东区学生生活服务楼东侧,1,2,13,0,860
2024-05-01 13:00:00,119.536717,39.902048,15,东区学生生活服务楼东北侧,1,2,13,0,861
2024-05-01 13:00:00,119.535911,39.901958,13,至博楼,1,2,13,0,862
2024-05-01 13:00:00,119.535492,39.902724,15,中快餐厅 2 食堂,1,2,13,0,863
2024-05-01 13:00:00,119.534896,39.903012,13,至雅楼南侧,1,2,13,0,864
2024-05-01 13:00:00,119.534947,39.903248,13,至雅楼北侧,1,2,13,0,865
2024-05-01 13:00:00,119.535349,39.903546,15,燕鸣湖餐厅西南侧,1,2,13,0,866
2024-05-01 13:00:00,119.535433,39.903957,15,燕鸣湖餐厅西北侧,1,2,13,0,867
2024-05-01 13:00:00,119.535337,39.905494,13,学生公寓 8 号楼,1,2,13,0,868
2024-05-01 14:00:00,119.517816,39.913239,16,第四体育场,1,2,14,0,869
2024-05-01 14:00:00,119.517939,39.916532,16,西北门,1,2,14,0,870
2024-05-01 14:00:00,119.521364,39.917036,18,信息科学与工程学院,1,2,14,0,871
2024-05-01 14:00:00,119.521864,39.917012,18,理学院,1,2,14,0,872
2024-05-01 14:00:00,119.522728,39.918136,18,理学院北侧,1,2,14,0,873
2024-05-01 14:00:00,119.522482,39.916512,18,西里西亚学院,1,2,14,0,874
2024-05-01 14:00:00,119.520487,39.914483,18,西区第五教学楼,1,2,14,0,875
2024-05-01 14:00:00,119.51965,39.913924,18,艺术学院,1,2,14,0,876
2024-05-01 14:00:00,119.520105,39.913824,18,继续教育学院,1,2,14,0,877
2024-05-01 14:00:00,119.522175,39.911633,18,西区第一教学楼北侧,1,2,14,0,878
2024-05-01 14:00:00,119.522085,39.911128,18,西区第一教学楼,1,2,14,0,879
2024-05-01 14:00:00,119.522642,39.910663,18,西区第二教学楼,1,2,14,0,880
2024-05-01 14:00:00,119.523274,39.910163,18,西区第三教学楼,1,2,14,0,881
2024-05-01 14:00:00,119.522709,39.910029,18,电气工程学院东,1,2,14,0,882
2024-05-01 14:00:00,119.521177,39.909753,18,电气工程学院西,1,2,14,0,883
2024-05-01 14:00:00,119.522369,39.909221,18,材料学院 C 楼,1,2,14,0,884
2024-05-01 14:00:00,119.52317,39.908501,18,材料学院 A 楼,1,2,14,0,885
2024-05-01 14:00:00,119.523088,39.904547,13,1 组图,1,2,14,0,886
2024-05-01 14:00:00,119.523105,39.905732,13,2 组图,1,2,14,0,887
2024-05-01 14:00:00,119.523138,39.906529,13,3 组图,1,2,14,0,888
2024-05-01 14:00:00,119.521776,39.905351,13,4 组图,1,2,14,0,889
2024-05-01 14:00:00,119.521967,39.907251,16,西区大食堂东侧,1,2,14,0,890
2024-05-01 14:00:00,119.520043,39.907417,16,西区大食堂西侧,1,2,14,0,891
2024-05-01 14:00:00,119.519858,39.908508,15,西区浴池,1,2,14,0,892
2024-05-01 14:00:00,119.518344,39.908269,15,西区超市,1,2,14,0,893
2024-05-01 14:00:00,119.518084,39.909318,13,10 组图,1,2,14,0,894
2024-05-01 14:00:00,119.517912,39.910224,13,11 组图,1,2,14,0,895
2024-05-01 14:00:00,119.517918,39.911057,15,燕园餐厅,1,2,14,0,896
2024-05-01 14:00:00,119.516213,39.910156,13,12 组图,1,2,14,0,897
2024-05-01 14:00:00,119.525995,39.906156,18,里仁教学楼西侧,1,2,14,0,898
2024-05-01 14:00:00,119.527913,39.905674,18,里仁教学楼东南侧,1,2,14,0,899
2024-05-01 14:00:00,119.526448,39.9052,15,西区大学生活动中心,1,2,14,0,900
2024-05-01 14:00:00,119.531126,39.910473,15,新图书馆西侧,1,2,14,0,901
2024-05-01 14:00:00,119.534127,39.910557,15,新图书馆东侧,1,2,14,0,902
2024-05-01 14:00:00,119.53553,39.909579,15,5 号门,1,2,14,0,903
2024-05-01 14:00:00,119.54074,39.911033,15,第二体育场,1,2,14,0,904
2024-05-01 14:00:00,119.540493,39.911157,18,体育学院东侧,1,2,14,0,905
2024-05-01 14:00:00,119.539163,39.911104,18,体育学院西侧,1,2,14,0,906
2024-05-01 14:00:00,119.53974,39.910715,18,体育学院南侧,1,2,14,0,907
2024-05-01 14:00:00,119.539941,39.910202,18,建筑系,1,2,14,0,908
2024-05-01 14:00:00,119.538739,39.909795,18,文法学院,1,2,14,0,909
2024-05-01 14:00:00,119.540025,39.909071,18,东区第四教学楼北侧,1,2,14,0,910
2024-05-01 14:00:00,119.53977,39.908658,18,东区第四教学楼南侧,1,2,14,0,911
2024-05-01 14:00:00,119.537491,39.908447,18,车辆与能源学院,1,2,14,0,912
2024-05-01 14:00:00,119.538573,39.907428,15,后勤管理处,1,2,14,0,913
2024-05-01 14:00:00,119.540408,39.905247,18,建筑工程与力学学院东侧,1,2,14,0,914
2024-05-01 14:00:00,119.540397,39.905594,18,东区第二教学楼,1,2,14,0,915
2024-05-01 14:00:00,119.539722,39.905178,18,建筑工程与力学学院西侧,1,2,14,0,916
2024-05-01 14:00:00,119.539069,39.904948,18,东区第一教学楼,1,2,14,0,917
2024-05-01 14:00:00,119.537932,39.904936,15,东区图书馆,1,2,14,0,918
2024-05-01 14:00:00,119.537474,39.903952,18,东区第三教学楼,1,2,14,0,919
2024-05-01 14:00:00,119.536636,39.901284,13,至明楼,1,2,14,0,920
2024-05-01 14:00:00,119.536302,39.901898,15,东区学生生活服务楼西侧,1,2,14,0,921
2024-05-01 14:00:00,119.536619,39.901877,15,东区学生生活服务楼东侧,1,2,14,0,922
2024-05-01 14:00:00,119.536717,39.902048,15,东区学生生活服务楼东北侧,1,2,14,0,923
2024-05-01 14:00:00,119.535911,39.901958,13,至博楼,1,2,14,0,924
2024-05-01 14:00:00,119.535492,39.902724,15,中快餐厅 2 食堂,1,2,14,0,925
2024-05-01 14:00:00,119.534896,39.903012,13,至雅楼南侧,1,2,14,0,926
2024-05-01 14:00:00,119.534947,39.903248,13,至雅楼北侧,1,2,14,0,927
2024-05-01 14:00:00,119.535349,39.903546,15,燕鸣湖餐厅西南侧,1,2,14,0,928
2024-05-01 14:00:00,119.535433,39.903957,15,燕鸣湖餐厅西北侧,1,2,14,0,929
2024-05-01 14:00:00,119.535337,39.905494,13,学生公寓 8 号楼,1,2,14,0,930
2024-05-01 15:00:00,119.517816,39.913239,16,第四体育场,1,2,15,0,931
2024-05-01 15:00:00,119.517939,39.916532,16,西北门,1,2,15,0,932
2024-05-01 15:00:00,119.521364,39.917036,18,信息科学与工程学院,1,2,15,0,933
2024-05-01 15:00:00,119.521864,39.917012,18,理学院,1,2,15,0,934
2024-05-01 15:00:00,119.522728,39.918136,18,理学院北侧,1,2,15,0,935
2024-05-01 15:00:00,119.522482,39.916512,18,西里西亚学院,1,2,15,0,936
2024-05-01 15:00:00,119.520487,39.914483,18,西区第五教学楼,1,2,15,0,937
2024-05-01 15:00:00,119.51965,39.913924,18,艺术学院,1,2,15,0,938
2024-05-01 15:00:00,119.520105,39.913824,18,继续教育学院,1,2,15,0,939
2024-05-01 15:00:00,119.522175,39.911633,18,西区第一教学楼北侧,1,2,15,0,940
2024-05-01 15:00:00,119.522085,39.911128,18,西区第一教学楼,1,2,15,0,941
2024-05-01 15:00:00,119.522642,39.910663,18,西区第二教学楼,1,2,15,0,942
2024-05-01 15:00:00,119.523274,39.910163,18,西区第三教学楼,1,2,15,0,943
2024-05-01 15:00:00,119.522709,39.910029,18,电气工程学院东,1,2,15,0,944
2024-05-01 15:00:00,119.521177,39.909753,18,电气工程学院西,1,2,15,0,945
2024-05-01 15:00:00,119.522369,39.909221,18,材料学院 C 楼,1,2,15,0,946
2024-05-01 15:00:00,119.52317,39.908501,18,材料学院 A 楼,1,2,15,0,947
2024-05-01 15:00:00,119.523088,39.904547,13,1 组图,1,2,15,0,948
2024-05-01 15:00:00,119.523105,39.905732,13,2 组图,1,2,15,0,949
2024-05-01 15:00:00,119.523138,39.906529,13,3 组图,1,2,15,0,950
2024-05-01 15:00:00,119.521776,39.905351,13,4 组图,1,2,15,0,951
2024-05-01 15:00:00,119.521967,39.907251,16,西区大食堂东侧,1,2,15,0,952
2024-05-01 15:00:00,119.520043,39.907417,16,西区大食堂西侧,1,2,15,0,953
2024-05-01 15:00:00,119.519858,39.908508,15,西区浴池,1,2,15,0,954
2024-05-01 15:00:00,119.518344,39.908269,15,西区超市,1,2,15,0,955
2024-05-01 15:00:00,119.518084,39.909318,13,10 组图,1,2,15,0,956
2024-05-01 15:00:00,119.517912,39.910224,13,11 组图,1,2,15,0,957
2024-05-01 15:00:00,119.517918,39.911057,15,燕园餐厅,1,2,15,0,958
2024-05-01 15:00:00,119.516213,39.910156,13,12 组图,1,2,15,0,959
2024-05-01 15:00:00,119.525995,39.906156,18,里仁教学楼西侧,1,2,15,0,960
2024-05-01 15:00:00,119.527913,39.905674,18,里仁教学楼东南侧,1,2,15,0,961
2024-05-01 15:00:00,119.526448,39.9052,15,西区大学生活动中心,1,2,15,0,962
2024-05-01 15:00:00,119.531126,39.910473,15,新图书馆西侧,1,2,15,0,963
2024-05-01 15:00:00,119.534127,39.910557,15,新图书馆东侧,1,2,15,0,964
2024-05-01 15:00:00,119.53553,39.909579,15,5 号门,1,2,15,0,965
2024-05-01 15:00:00,119.54074,39.911033,15,第二体育场,1,2,15,0,966
2024-05-01 15:00:00,119.540493,39.911157,18,体育学院东侧,1,2,15,0,967
2024-05-01 15:00:00,119.539163,39.911104,18,体育学院西侧,1,2,15,0,968
2024-05-01 15:00:00,119.53974,39.910715,18,体育学院南侧,1,2,15,0,969
2024-05-01 15:00:00,119.539941,39.910202,18,建筑系,1,2,15,0,970
2024-05-01 15:00:00,119.538739,39.909795,18,文法学院,1,2,15,0,971
2024-05-01 15:00:00,119.540025,39.909071,18,东区第四教学楼北侧,1,2,15,0,972
2024-05-01 15:00:00,119.53977,39.908658,18,东区第四教学楼南侧,1,2,15,0,973
2024-05-01 15:00:00,119.537491,39.908447,18,车辆与能源学院,1,2,15,0,974
2024-05-01 15:00:00,119.538573,39.907428,15,后勤管理处,1,2,15,0,975
2024-05-01 15:00:00,119.540408,39.905247,18,建筑工程与力学学院东侧,1,2,15,0,976
2024-05-01 15:00:00,119.540397,39.905594,18,东区第二教学楼,1,2,15,0,977
2024-05-01 15:00:00,119.539722,39.905178,18,建筑工程与力学学院西侧,1,2,15,0,978
2024-05-01 15:00:00,119.539069,39.904948,18,东区第一教学楼,1,2,15,0,979
2024-05-01 15:00:00,119.537932,39.904936,15,东区图书馆,1,2,15,0,980
2024-05-01 15:00:00,119.537474,39.903952,18,东区第三教学楼,1,2,15,0,981
2024-05-01 15:00:00,119.536636,39.901284,13,至明楼,1,2,15,0,982
2024-05-01 15:00:00,119.536302,39.901898,15,东区学生生活服务楼西侧,1,2,15,0,983
2024-05-01 15:00:00,119.536619,39.901877,15,东区学生生活服务楼东侧,1,2,15,0,984
2024-05-01 15:00:00,119.536717,39.902048,15,东区学生生活服务楼东北侧,1,2,15,0,985
2024-05-01 15:00:00,119.535911,39.901958,13,至博楼,1,2,15,0,986
2024-05-01 15:00:00,119.535492,39.902724,15,中快餐厅 2 食堂,1,2,15,0,987
2024-05-01 15:00:00,119.534896,39.903012,13,至雅楼南侧,1,2,15,0,988
2024-05-01 15:00:00,119.534947,39.903248,13,至雅楼北侧,1,2,15,0,989
2024-05-01 15:00:00,119.535349,39.903546,15,燕鸣湖餐厅西南侧,1,2,15,0,990
2024-05-01 15:00:00,119.535433,39.903957,15,燕鸣湖餐厅西北侧,1,2,15,0,991
2024-05-01 15:00:00,119.535337,39.905494,13,学生公寓 8 号楼,1,2,15,0,992
2024-05-01 16:00:00,119.517816,39.913239,16,第四体育场,1,2,16,0,993
2024-05-01 16:00:00,119.517939,39.916532,16,西北门,1,2,16,0,994
2024-05-01 16:00:00,119.521364,39.917036,18,信息科学与工程学院,1,2,16,0,995
2024-05-01 16:00:00,119.521864,39.917012,18,理学院,1,2,16,0,996
2024-05-01 16:00:00,119.522728,39.918136,18,理学院北侧,1,2,16,0,997
2024-05-01 16:00:00,119.522482,39.916512,18,西里西亚学院,1,2,16,0,998
2024-05-01 16:00:00,119.520487,39.914483,18,西区第五教学楼,1,2,16,0,999
2024-05-01 16:00:00,119.51965,39.913924,18,艺术学院,1,2,16,0,1000
2024-05-01 16:00:00,119.520105,39.913824,18,继续教育学院,1,2,16,0,1001
2024-05-01 16:00:00,119.522175,39.911633,18,西区第一教学楼北侧,1,2,16,0,1002
2024-05-01 16:00:00,119.522085,39.911128,18,西区第一教学楼,1,2,16,0,1003
2024-05-01 16:00:00,119.522642,39.910663,18,西区第二教学楼,1,2,16,0,1004
2024-05-01 16:00:00,119.523274,39.910163,18,西区第三教学楼,1,2,16,0,1005
2024-05-01 16:00:00,119.522709,39.910029,18,电气工程学院东,1,2,16,0,1006
2024-05-01 16:00:00,119.521177,39.909753,18,电气工程学院西,1,2,16,0,1007
2024-05-01 16:00:00,119.522369,39.909221,18,材料学院 C 楼,1,2,16,0,1008
2024-05-01 16:00:00,119.52317,39.908501,18,材料学院 A 楼,1,2,16,0,1009
2024-05-01 16:00:00,119.523088,39.904547,13,1 组图,1,2,16,0,1010
2024-05-01 16:00:00,119.523105,39.905732,13,2 组图,1,2,16,0,1011
2024-05-01 16:00:00,119.523138,39.906529,13,3 组图,1,2,16,0,1012
2024-05-01 16:00:00,119.521776,39.905351,13,4 组图,1,2,16,0,1013
2024-05-01 16:00:00,119.521967,39.907251,16,西区大食堂东侧,1,2,16,0,1014
2024-05-01 16:00:00,119.520043,39.907417,16,西区大食堂西侧,1,2,16,0,1015
2024-05-01 16:00:00,119.519858,39.908508,15,西区浴池,1,2,16,0,1016
2024-05-01 16:00:00,119.518344,39.908269,15,西区超市,1,2,16,0,1017
2024-05-01 16:00:00,119.518084,39.909318,13,10 组图,1,2,16,0,1018
2024-05-01 16:00:00,119.517912,39.910224,13,11 组图,1,2,16,0,1019
2024-05-01 16:00:00,119.517918,39.911057,15,燕园餐厅,1,2,16,0,1020
2024-05-01 16:00:00,119.516213,39.910156,13,12 组图,1,2,16,0,1021
2024-05-01 16:00:00,119.525995,39.906156,18,里仁教学楼西侧,1,2,16,0,1022
2024-05-01 16:00:00,119.527913,39.905674,18,里仁教学楼东南侧,1,2,16,0,1023
2024-05-01 16:00:00,119.526448,39.9052,15,西区大学生活动中心,1,2,16,0,1024
2024-05-01 16:00:00,119.531126,39.910473,15,新图书馆西侧,1,2,16,0,1025
2024-05-01 16:00:00,119.534127,39.910557,15,新图书馆东侧,1,2,16,0,1026
2024-05-01 16:00:00,119.53553,39.909579,15,5 号门,1,2,16,0,1027
2024-05-01 16:00:00,119.54074,39.911033,15,第二体育场,1,2,16,0,1028
2024-05-01 16:00:00,119.540493,39.911157,18,体育学院东侧,1,2,16,0,1029
2024-05-01 16:00:00,119.539163,39.911104,18,体育学院西侧,1,2,16,0,1030
2024-05-01 16:00:00,119.53974,39.910715,18,体育学院南侧,1,2,16,0,1031
2024-05-01 16:00:00,119.539941,39.910202,18,建筑系,1,2,16,0,1032
2024-05-01 16:00:00,119.538739,39.909795,18,文法学院,1,2,16,0,1033
2024-05-01 16:00:00,119.540025,39.909071,18,东区第四教学楼北侧,1,2,16,0,1034
2024-05-01 16:00:00,119.53977,39.908658,18,东区第四教学楼南侧,1,2,16,0,1035
2024-05-01 16:00:00,119.537491,39.908447,18,车辆与能源学院,1,2,16,0,1036
2024-05-01 16:00:00,119.538573,39.907428,15,后勤管理处,1,2,16,0,1037
2024-05-01 16:00:00,119.540408,39.905247,18,建筑工程与力学学院东侧,1,2,16,0,1038
2024-05-01 16:00:00,119.540397,39.905594,18,东区第二教学楼,1,2,16,0,1039
2024-05-01 16:00:00,119.539722,39.905178,18,建筑工程与力学学院西侧,1,2,16,0,1040
2024-05-01 16:00:00,119.539069,39.904948,18,东区第一教学楼,1,2,16,0,1041
2024-05-01 16:00:00,119.537932,39.904936,15,东区图书馆,1,2,16,0,1042
2024-05-01 16:00:00,119.537474,39.903952,18,东区第三教学楼,1,2,16,0,1043
2024-05-01 16:00:00,119.536636,39.901284,13,至明楼,1,2,16,0,1044
2024-05-01 16:00:00,119.536302,39.901898,15,东区学生生活服务楼西侧,1,2,16,0,1045
2024-05-01 16:00:00,119.536619,39.901877,15,东区学生生活服务楼东侧,1,2,16,0,1046
2024-05-01 16:00:00,119.536717,39.902048,15,东区学生生活服务楼东北侧,1,2,16,0,1047
2024-05-01 16:00:00,119.535911,39.901958,13,至博楼,1,2,16,0,1048
2024-05-01 16:00:00,119.535492,39.902724,15,中快餐厅 2 食堂,1,2,16,0,1049
2024-05-01 16:00:00,119.534896,39.903012,13,至雅楼南侧,1,2,16,0,1050
2024-05-01 16:00:00,119.534947,39.903248,13,至雅楼北侧,1,2,16,0,1051
2024-05-01 16:00:00,119.535349,39.903546,15,燕鸣湖餐厅西南侧,1,2,16,0,1052
2024-05-01 16:00:00,119.535433,39.903957,15,燕鸣湖餐厅西北侧,1,2,16,0,1053
2024-05-01 16:00:00,119.535337,39.905494,13,学生公寓 8 号楼,1,2,16,0,1054
2024-05-01 17:00:00,119.517816,39.913239,16,第四体育场,1,2,17,1,1055
2024-05-01 17:00:00,119.517939,39.916532,16,西北门,1,2,17,1,1056
2024-05-01 17:00:00,119.521364,39.917036,18,信息科学与工程学院,1,2,17,1,1057
2024-05-01 17:00:00,119.521864,39.917012,18,理学院,1,2,17,1,1058
2024-05-01 17:00:00,119.522728,39.918136,18,理学院北侧,1,2,17,1,1059
2024-05-01 17:00:00,119.522482,39.916512,18,西里西亚学院,1,2,17,1,1060
2024-05-01 17:00:00,119.520487,39.914483,18,西区第五教学楼,1,2,17,1,1061
2024-05-01 17:00:00,119.51965,39.913924,18,艺术学院,1,2,17,1,1062
2024-05-01 17:00:00,119.520105,39.913824,18,继续教育学院,1,2,17,1,1063
2024-05-01 17:00:00,119.522175,39.911633,18,西区第一教学楼北侧,1,2,17,1,1064
2024-05-01 17:00:00,119.522085,39.911128,18,西区第一教学楼,1,2,17,1,1065
2024-05-01 17:00:00,119.522642,39.910663,18,西区第二教学楼,1,2,17,1,1066
2024-05-01 17:00:00,119.523274,39.910163,18,西区第三教学楼,1,2,17,1,1067
2024-05-01 17:00:00,119.522709,39.910029,18,电气工程学院东,1,2,17,1,1068
2024-05-01 17:00:00,119.521177,39.909753,18,电气工程学院西,1,2,17,1,1069
2024-05-01 17:00:00,119.522369,39.909221,18,材料学院 C 楼,1,2,17,1,1070
2024-05-01 17:00:00,119.52317,39.908501,18,材料学院 A 楼,1,2,17,1,1071
2024-05-01 17:00:00,119.523088,39.904547,13,1 组图,1,2,17,1,1072
2024-05-01 17:00:00,119.523105,39.905732,13,2 组图,1,2,17,1,1073
2024-05-01 17:00:00,119.523138,39.906529,13,3 组图,1,2,17,1,1074
2024-05-01 17:00:00,119.521776,39.905351,13,4 组图,1,2,17,1,1075
2024-05-01 17:00:00,119.521967,39.907251,16,西区大食堂东侧,1,2,17,1,1076
2024-05-01 17:00:00,119.520043,39.907417,16,西区大食堂西侧,1,2,17,1,1077
2024-05-01 17:00:00,119.519858,39.908508,15,西区浴池,1,2,17,1,1078
2024-05-01 17:00:00,119.518344,39.908269,15,西区超市,1,2,17,1,1079
2024-05-01 17:00:00,119.518084,39.909318,13,10 组图,1,2,17,1,1080
2024-05-01 17:00:00,119.517912,39.910224,13,11 组图,1,2,17,1,1081
2024-05-01 17:00:00,119.517918,39.911057,15,燕园餐厅,1,2,17,1,1082
2024-05-01 17:00:00,119.516213,39.910156,13,12 组图,1,2,17,1,1083
2024-05-01 17:00:00,119.525995,39.906156,18,里仁教学楼西侧,1,2,17,1,1084
2024-05-01 17:00:00,119.527913,39.905674,18,里仁教学楼东南侧,1,2,17,1,1085
2024-05-01 17:00:00,119.526448,39.9052,15,西区大学生活动中心,1,2,17,1,1086
2024-05-01 17:00:00,119.531126,39.910473,15,新图书馆西侧,1,2,17,1,1087
2024-05-01 17:00:00,119.534127,39.910557,15,新图书馆东侧,1,2,17,1,1088
2024-05-01 17:00:00,119.53553,39.909579,15,5 号门,1,2,17,1,1089
2024-05-01 17:00:00,119.54074,39.911033,15,第二体育场,1,2,17,1,1090
2024-05-01 17:00:00,119.540493,39.911157,18,体育学院东侧,1,2,17,1,1091
2024-05-01 17:00:00,119.539163,39.911104,18,体育学院西侧,1,2,17,1,1092
2024-05-01 17:00:00,119.53974,39.910715,18,体育学院南侧,1,2,17,1,1093
2024-05-01 17:00:00,119.539941,39.910202,18,建筑系,1,2,17,1,1094
2024-05-01 17:00:00,119.538739,39.909795,18,文法学院,1,2,17,1,1095
2024-05-01 17:00:00,119.540025,39.909071,18,东区第四教学楼北侧,1,2,17,1,1096
2024-05-01 17:00:00,119.53977,39.908658,18,东区第四教学楼南侧,1,2,17,1,1097
2024-05-01 17:00:00,119.537491,39.908447,18,车辆与能源学院,1,2,17,1,1098
2024-05-01 17:00:00,119.538573,39.907428,15,后勤管理处,1,2,17,1,1099
2024-05-01 17:00:00,119.540408,39.905247,18,建筑工程与力学学院东侧,1,2,17,1,1100
2024-05-01 17:00:00,119.540397,39.905594,18,东区第二教学楼,1,2,17,1,1101
2024-05-01 17:00:00,119.539722,39.905178,18,建筑工程与力学学院西侧,1,2,17,1,1102
2024-05-01 17:00:00,119.539069,39.904948,18,东区第一教学楼,1,2,17,1,1103
2024-05-01 17:00:00,119.537932,39.904936,15,东区图书馆,1,2,17,1,1104
2024-05-01 17:00:00,119.537474,39.903952,18,东区第三教学楼,1,2,17,1,1105
2024-05-01 17:00:00,119.536636,39.901284,13,至明楼,1,2,17,1,1106
2024-05-01 17:00:00,119.536302,39.901898,15,东区学生生活服务楼西侧,1,2,17,1,1107
2024-05-01 17:00:00,119.536619,39.901877,15,东区学生生活服务楼东侧,1,2,17,1,1108
2024-05-01 17:00:00,119.536717,39.902048,15,东区学生生活服务楼东北侧,1,2,17,1,1109
2024-05-01 17:00:00,119.535911,39.901958,13,至博楼,1,2,17,1,1110
2024-05-01 17:00:00,119.535492,39.902724,15,中快餐厅 2 食堂,1,2,17,1,1111
2024-05-01 17:00:00,119.534896,39.903012,13,至雅楼南侧,1,2,17,1,1112
2024-05-01 17:00:00,119.534947,39.903248,13,至雅楼北侧,1,2,17,1,1113
2024-05-01 17:00:00,119.535349,39.903546,15,燕鸣湖餐厅西南侧,1,2,17,1,1114
2024-05-01 17:00:00,119.535433,39.903957,15,燕鸣湖餐厅西北侧,1,2,17,1,1115
2024-05-01 17:00:00,119.535337,39.905494,13,学生公寓 8 号楼,1,2,17,1,1116
2024-05-01 18:00:00,119.517816,39.913239,16,第四体育场,1,2,18,1,1117
2024-05-01 18:00:00,119.517939,39.916532,16,西北门,1,2,18,1,1118
2024-05-01 18:00:00,119.521364,39.917036,18,信息科学与工程学院,1,2,18,1,1119
2024-05-01 18:00:00,119.521864,39.917012,18,理学院,1,2,18,1,1120
2024-05-01 18:00:00,119.522728,39.918136,18,理学院北侧,1,2,18,1,1121
2024-05-01 18:00:00,119.522482,39.916512,18,西里西亚学院,1,2,18,1,1122
2024-05-01 18:00:00,119.520487,39.914483,18,西区第五教学楼,1,2,18,1,1123
2024-05-01 18:00:00,119.51965,39.913924,18,艺术学院,1,2,18,1,1124
2024-05-01 18:00:00,119.520105,39.913824,18,继续教育学院,1,2,18,1,1125
2024-05-01 18:00:00,119.522175,39.911633,18,西区第一教学楼北侧,1,2,18,1,1126
2024-05-01 18:00:00,119.522085,39.911128,18,西区第一教学楼,1,2,18,1,1127
2024-05-01 18:00:00,119.522642,39.910663,18,西区第二教学楼,1,2,18,1,1128
2024-05-01 18:00:00,119.523274,39.910163,18,西区第三教学楼,1,2,18,1,1129
2024-05-01 18:00:00,119.522709,39.910029,18,电气工程学院东,1,2,18,1,1130
2024-05-01 18:00:00,119.521177,39.909753,18,电气工程学院西,1,2,18,1,1131
2024-05-01 18:00:00,119.522369,39.909221,18,材料学院 C 楼,1,2,18,1,1132
2024-05-01 18:00:00,119.52317,39.908501,18,材料学院 A 楼,1,2,18,1,1133
2024-05-01 18:00:00,119.523088,39.904547,13,1 组图,1,2,18,1,1134
2024-05-01 18:00:00,119.523105,39.905732,13,2 组图,1,2,18,1,1135
2024-05-01 18:00:00,119.523138,39.906529,13,3 组图,1,2,18,1,1136
2024-05-01 18:00:00,119.521776,39.905351,13,4 组图,1,2,18,1,1137
2024-05-01 18:00:00,119.521967,39.907251,16,西区大食堂东侧,1,2,18,1,1138
2024-05-01 18:00:00,119.520043,39.907417,16,西区大食堂西侧,1,2,18,1,1139
2024-05-01 18:00:00,119.519858,39.908508,15,西区浴池,1,2,18,1,1140
2024-05-01 18:00:00,119.518344,39.908269,15,西区超市,1,2,18,1,1141
2024-05-01 18:00:00,119.518084,39.909318,13,10 组图,1,2,18,1,1142
2024-05-01 18:00:00,119.517912,39.910224,13,11 组图,1,2,18,1,1143
2024-05-01 18:00:00,119.517918,39.911057,15,燕园餐厅,1,2,18,1,1144
2024-05-01 18:00:00,119.516213,39.910156,13,12 组图,1,2,18,1,1145
2024-05-01 18:00:00,119.525995,39.906156,18,里仁教学楼西侧,1,2,18,1,1146
2024-05-01 18:00:00,119.527913,39.905674,18,里仁教学楼东南侧,1,2,18,1,1147
2024-05-01 18:00:00,119.526448,39.9052,15,西区大学生活动中心,1,2,18,1,1148
2024-05-01 18:00:00,119.531126,39.910473,15,新图书馆西侧,1,2,18,1,1149
2024-05-01 18:00:00,119.534127,39.910557,15,新图书馆东侧,1,2,18,1,1150
2024-05-01 18:00:00,119.53553,39.909579,15,5 号门,1,2,18,1,1151
2024-05-01 18:00:00,119.54074,39.911033,15,第二体育场,1,2,18,1,1152
2024-05-01 18:00:00,119.540493,39.911157,18,体育学院东侧,1,2,18,1,1153
2024-05-01 18:00:00,119.539163,39.911104,18,体育学院西侧,1,2,18,1,1154
2024-05-01 18:00:00,119.53974,39.910715,18,体育学院南侧,1,2,18,1,1155
2024-05-01 18:00:00,119.539941,39.910202,18,建筑系,1,2,18,1,1156
2024-05-01 18:00:00,119.538739,39.909795,18,文法学院,1,2,18,1,1157
2024-05-01 18:00:00,119.540025,39.909071,18,东区第四教学楼北侧,1,2,18,1,1158
2024-05-01 18:00:00,119.53977,39.908658,18,东区第四教学楼南侧,1,2,18,1,1159
2024-05-01 18:00:00,119.537491,39.908447,18,车辆与能源学院,1,2,18,1,1160
2024-05-01 18:00:00,119.538573,39.907428,15,后勤管理处,1,2,18,1,1161
2024-05-01 18:00:00,119.540408,39.905247,18,建筑工程与力学学院东侧,1,2,18,1,1162
2024-05-01 18:00:00,119.540397,39.905594,18,东区第二教学楼,1,2,18,1,1163
2024-05-01 18:00:00,119.539722,39.905178,18,建筑工程与力学学院西侧,1,2,18,1,1164
2024-05-01 18:00:00,119.539069,39.904948,18,东区第一教学楼,1,2,18,1,1165
2024-05-01 18:00:00,119.537932,39.904936,15,东区图书馆,1,2,18,1,1166
2024-05-01 18:00:00,119.537474,39.903952,18,东区第三教学楼,1,2,18,1,1167
2024-05-01 18:00:00,119.536636,39.901284,13,至明楼,1,2,18,1,1168
2024-05-01 18:00:00,119.536302,39.901898,15,东区学生生活服务楼西侧,1,2,18,1,1169
2024-05-01 18:00:00,119.536619,39.901877,15,东区学生生活服务楼东侧,1,2,18,1,1170
2024-05-01 18:00:00,119.536717,39.902048,15,东区学生生活服务楼东北侧,1,2,18,1,1171
2024-05-01 18:00:00,119.535911,39.901958,13,至博楼,1,2,18,1,1172
2024-05-01 18:00:00,119.535492,39.902724,15,中快餐厅 2 食堂,1,2,18,1,1173
2024-05-01 18:00:00,119.534896,39.903012,13,至雅楼南侧,1,2,18,1,1174
2024-05-01 18:00:00,119.534947,39.903248,13,至雅楼北侧,1,2,18,1,1175
2024-05-01 18:00:00,119.535349,39.903546,15,燕鸣湖餐厅西南侧,1,2,18,1,1176
2024-05-01 18:00:00,119.535433,39.903957,15,燕鸣湖餐厅西北侧,1,2,18,1,1177
2024-05-01 18:00:00,119.535337,39.905494,13,学生公寓 8 号楼,1,2,18,1,1178
2024-05-01 19:00:00,119.517816,39.913239,16,第四体育场,1,2,19,1,1179
2024-05-01 19:00:00,119.517939,39.916532,16,西北门,1,2,19,1,1180
2024-05-01 19:00:00,119.521364,39.917036,19,信息科学与工程学院,1,2,19,1,1181
2024-05-01 19:00:00,119.521864,39.917012,19,理学院,1,2,19,1,1182
2024-05-01 19:00:00,119.522728,39.918136,19,理学院北侧,1,2,19,1,1183
2024-05-01 19:00:00,119.522482,39.916512,19,西里西亚学院,1,2,19,1,1184
2024-05-01 19:00:00,119.520487,39.914483,19,西区第五教学楼,1,2,19,1,1185
2024-05-01 19:00:00,119.51965,39.913924,19,艺术学院,1,2,19,1,1186
2024-05-01 19:00:00,119.520105,39.913824,19,继续教育学院,1,2,19,1,1187
2024-05-01 19:00:00,119.522175,39.911633,19,西区第一教学楼北侧,1,2,19,1,1188
2024-05-01 19:00:00,119.522085,39.911128,19,西区第一教学楼,1,2,19,1,1189
2024-05-01 19:00:00,119.522642,39.910663,19,西区第二教学楼,1,2,19,1,1190
2024-05-01 19:00:00,119.523274,39.910163,19,西区第三教学楼,1,2,19,1,1191
2024-05-01 19:00:00,119.522709,39.910029,19,电气工程学院东,1,2,19,1,1192
2024-05-01 19:00:00,119.521177,39.909753,19,电气工程学院西,1,2,19,1,1193
2024-05-01 19:00:00,119.522369,39.909221,19,材料学院 C 楼,1,2,19,1,1194
2024-05-01 19:00:00,119.52317,39.908501,19,材料学院 A 楼,1,2,19,1,1195
2024-05-01 19:00:00,119.523088,39.904547,11,1 组图,1,2,19,1,1196
2024-05-01 19:00:00,119.523105,39.905732,11,2 组图,1,2,19,1,1197
2024-05-01 19:00:00,119.523138,39.906529,11,3 组图,1,2,19,1,1198
2024-05-01 19:00:00,119.521776,39.905351,11,4 组图,1,2,19,1,1199
2024-05-01 19:00:00,119.521967,39.907251,16,西区大食堂东侧,1,2,19,1,1200
2024-05-01 19:00:00,119.520043,39.907417,16,西区大食堂西侧,1,2,19,1,1201
2024-05-01 19:00:00,119.519858,39.908508,15,西区浴池,1,2,19,1,1202
2024-05-01 19:00:00,119.518344,39.908269,15,西区超市,1,2,19,1,1203
2024-05-01 19:00:00,119.518084,39.909318,11,10 组图,1,2,19,1,1204
2024-05-01 19:00:00,119.517912,39.910224,11,11 组图,1,2,19,1,1205
2024-05-01 19:00:00,119.517918,39.911057,15,燕园餐厅,1,2,19,1,1206
2024-05-01 19:00:00,119.516213,39.910156,11,12 组图,1,2,19,1,1207
2024-05-01 19:00:00,119.525995,39.906156,19,里仁教学楼西侧,1,2,19,1,1208
2024-05-01 19:00:00,119.527913,39.905674,19,里仁教学楼东南侧,1,2,19,1,1209
2024-05-01 19:00:00,119.526448,39.9052,15,西区大学生活动中心,1,2,19,1,1210
2024-05-01 19:00:00,119.531126,39.910473,15,新图书馆西侧,1,2,19,1,1211
2024-05-01 19:00:00,119.534127,39.910557,15,新图书馆东侧,1,2,19,1,1212
2024-05-01 19:00:00,119.53553,39.909579,15,5 号门,1,2,19,1,1213
2024-05-01 19:00:00,119.54074,39.911033,15,第二体育场,1,2,19,1,1214
2024-05-01 19:00:00,119.540493,39.911157,19,体育学院东侧,1,2,19,1,1215
2024-05-01 19:00:00,119.539163,39.911104,19,体育学院西侧,1,2,19,1,1216
2024-05-01 19:00:00,119.53974,39.910715,19,体育学院南侧,1,2,19,1,1217
2024-05-01 19:00:00,119.539941,39.910202,19,建筑系,1,2,19,1,1218
2024-05-01 19:00:00,119.538739,39.909795,19,文法学院,1,2,19,1,1219
2024-05-01 19:00:00,119.540025,39.909071,19,东区第四教学楼北侧,1,2,19,1,1220
2024-05-01 19:00:00,119.53977,39.908658,19,东区第四教学楼南侧,1,2,19,1,1221
2024-05-01 19:00:00,119.537491,39.908447,18,车辆与能源学院,1,2,19,1,1222
2024-05-01 19:00:00,119.538573,39.907428,15,后勤管理处,1,2,19,1,1223
2024-05-01 19:00:00,119.540408,39.905247,18,建筑工程与力学学院东侧,1,2,19,1,1224
2024-05-01 19:00:00,119.540397,39.905594,18,东区第二教学楼,1,2,19,1,1225
2024-05-01 19:00:00,119.539722,39.905178,18,建筑工程与力学学院西侧,1,2,19,1,1226
2024-05-01 19:00:00,119.539069,39.904948,18,东区第一教学楼,1,2,19,1,1227
2024-05-01 19:00:00,119.537932,39.904936,15,东区图书馆,1,2,19,1,1228
2024-05-01 19:00:00,119.537474,39.903952,18,东区第三教学楼,1,2,19,1,1229
2024-05-01 19:00:00,119.536636,39.901284,11,至明楼,1,2,19,1,1230
2024-05-01 19:00:00,119.536302,39.901898,15,东区学生生活服务楼西侧,1,2,19,1,1231
2024-05-01 19:00:00,119.536619,39.901877,15,东区学生生活服务楼东侧,1,2,19,1,1232
2024-05-01 19:00:00,119.536717,39.902048,15,东区学生生活服务楼东北侧,1,2,19,1,1233
2024-05-01 19:00:00,119.535911,39.901958,11,至博楼,1,2,19,1,1234
2024-05-01 19:00:00,119.535492,39.902724,15,中快餐厅 2 食堂,1,2,19,1,1235
2024-05-01 19:00:00,119.534896,39.903012,11,至雅楼南侧,1,2,19,1,1236
2024-05-01 19:00:00,119.534947,39.903248,11,至雅楼北侧,1,2,19,1,1237
2024-05-01 19:00:00,119.535349,39.903546,15,燕鸣湖餐厅西南侧,1,2,19,1,1238
2024-05-01 19:00:00,119.535433,39.903957,15,燕鸣湖餐厅西北侧,1,2,19,1,1239
2024-05-01 19:00:00,119.535337,39.905494,11,学生公寓 8 号楼,1,2,19,1,1240
2024-05-01 20:00:00,119.517816,39.913239,12,第四体育场,1,2,20,0,1241
2024-05-01 20:00:00,119.517939,39.916532,12,西北门,1,2,20,0,1242
2024-05-01 20:00:00,119.521364,39.917036,22,信息科学与工程学院,1,2,20,0,1243
2024-05-01 20:00:00,119.521864,39.917012,22,理学院,1,2,20,0,1244
2024-05-01 20:00:00,119.522728,39.918136,22,理学院北侧,1,2,20,0,1245
2024-05-01 20:00:00,119.522482,39.916512,22,西里西亚学院,1,2,20,0,1246
2024-05-01 20:00:00,119.520487,39.914483,22,西区第五教学楼,1,2,20,0,1247
2024-05-01 20:00:00,119.51965,39.913924,22,艺术学院,1,2,20,0,1248
2024-05-01 20:00:00,119.520105,39.913824,22,继续教育学院,1,2,20,0,1249
2024-05-01 20:00:00,119.522175,39.911633,22,西区第一教学楼北侧,1,2,20,0,1250
2024-05-01 20:00:00,119.522085,39.911128,22,西区第一教学楼,1,2,20,0,1251
2024-05-01 20:00:00,119.522642,39.910663,22,西区第二教学楼,1,2,20,0,1252
2024-05-01 20:00:00,119.523274,39.910163,22,西区第三教学楼,1,2,20,0,1253
2024-05-01 20:00:00,119.522709,39.910029,22,电气工程学院东,1,2,20,0,1254
2024-05-01 20:00:00,119.521177,39.909753,22,电气工程学院西,1,2,20,0,1255
2024-05-01 20:00:00,119.522369,39.909221,22,材料学院 C 楼,1,2,20,0,1256
2024-05-01 20:00:00,119.52317,39.908501,22,材料学院 A 楼,1,2,20,0,1257
2024-05-01 20:00:00,119.523088,39.904547,10,1 组图,1,2,20,0,1258
2024-05-01 20:00:00,119.523105,39.905732,10,2 组图,1,2,20,0,1259
2024-05-01 20:00:00,119.523138,39.906529,10,3 组图,1,2,20,0,1260
2024-05-01 20:00:00,119.521776,39.905351,10,4 组图,1,2,20,0,1261
2024-05-01 20:00:00,119.521967,39.907251,12,西区大食堂东侧,1,2,20,0,1262
2024-05-01 20:00:00,119.520043,39.907417,12,西区大食堂西侧,1,2,20,0,1263
2024-05-01 20:00:00,119.519858,39.908508,11,西区浴池,1,2,20,0,1264
2024-05-01 20:00:00,119.518344,39.908269,11,西区超市,1,2,20,0,1265
2024-05-01 20:00:00,119.518084,39.909318,10,10 组图,1,2,20,0,1266
2024-05-01 20:00:00,119.517912,39.910224,10,11 组图,1,2,20,0,1267
2024-05-01 20:00:00,119.517918,39.911057,11,燕园餐厅,1,2,20,0,1268
2024-05-01 20:00:00,119.516213,39.910156,10,12 组图,1,2,20,0,1269
2024-05-01 20:00:00,119.525995,39.906156,22,里仁教学楼西侧,1,2,20,0,1270
2024-05-01 20:00:00,119.527913,39.905674,22,里仁教学楼东南侧,1,2,20,0,1271
2024-05-01 20:00:00,119.526448,39.9052,11,西区大学生活动中心,1,2,20,0,1272
2024-05-01 20:00:00,119.531126,39.910473,11,新图书馆西侧,1,2,20,0,1273
2024-05-01 20:00:00,119.534127,39.910557,11,新图书馆东侧,1,2,20,0,1274
2024-05-01 20:00:00,119.53553,39.909579,11,5 号门,1,2,20,0,1275
2024-05-01 20:00:00,119.54074,39.911033,11,第二体育场,1,2,20,0,1276
2024-05-01 20:00:00,119.540493,39.911157,22,体育学院东侧,1,2,20,0,1277
2024-05-01 20:00:00,119.539163,39.911104,22,体育学院西侧,1,2,20,0,1278
2024-05-01 20:00:00,119.53974,39.910715,22,体育学院南侧,1,2,20,0,1279
2024-05-01 20:00:00,119.539941,39.910202,22,建筑系,1,2,20,0,1280
2024-05-01 20:00:00,119.538739,39.909795,22,文法学院,1,2,20,0,1281
2024-05-01 20:00:00,119.540025,39.909071,22,东区第四教学楼北侧,1,2,20,0,1282
2024-05-01 20:00:00,119.53977,39.908658,22,东区第四教学楼南侧,1,2,20,0,1283
2024-05-01 20:00:00,119.537491,39.908447,22,车辆与能源学院,1,2,20,0,1284
2024-05-01 20:00:00,119.538573,39.907428,11,后勤管理处,1,2,20,0,1285
2024-05-01 20:00:00,119.540408,39.905247,22,建筑工程与力学学院东侧,1,2,20,0,1286
2024-05-01 20:00:00,119.540397,39.905594,21,东区第二教学楼,1,2,20,0,1287
2024-05-01 20:00:00,119.539722,39.905178,21,建筑工程与力学学院西侧,1,2,20,0,1288
2024-05-01 20:00:00,119.539069,39.904948,21,东区第一教学楼,1,2,20,0,1289
2024-05-01 20:00:00,119.537932,39.904936,11,东区图书馆,1,2,20,0,1290
2024-05-01 20:00:00,119.537474,39.903952,21,东区第三教学楼,1,2,20,0,1291
2024-05-01 20:00:00,119.536636,39.901284,10,至明楼,1,2,20,0,1292
2024-05-01 20:00:00,119.536302,39.901898,11,东区学生生活服务楼西侧,1,2,20,0,1293
2024-05-01 20:00:00,119.536619,39.901877,11,东区学生生活服务楼东侧,1,2,20,0,1294
2024-05-01 20:00:00,119.536717,39.902048,11,东区学生生活服务楼东北侧,1,2,20,0,1295
2024-05-01 20:00:00,119.535911,39.901958,10,至博楼,1,2,20,0,1296
2024-05-01 20:00:00,119.535492,39.902724,11,中快餐厅 2 食堂,1,2,20,0,1297
2024-05-01 20:00:00,119.534896,39.903012,10,至雅楼南侧,1,2,20,0,1298
2024-05-01 20:00:00,119.534947,39.903248,10,至雅楼北侧,1,2,20,0,1299
2024-05-01 20:00:00,119.535349,39.903546,11,燕鸣湖餐厅西南侧,1,2,20,0,1300
2024-05-01 20:00:00,119.535433,39.903957,11,燕鸣湖餐厅西北侧,1,2,20,0,1301
2024-05-01 20:00:00,119.535337,39.905494,10,学生公寓 8 号楼,1,2,20,0,1302
2024-05-01 21:00:00,119.517816,39.913239,16,第四体育场,1,2,21,0,1303
2024-05-01 21:00:00,119.517939,39.916532,16,西北门,1,2,21,0,1304
2024-05-01 21:00:00,119.521364,39.917036,19,信息科学与工程学院,1,2,21,0,1305
2024-05-01 21:00:00,119.521864,39.917012,19,理学院,1,2,21,0,1306
2024-05-01 21:00:00,119.522728,39.918136,19,理学院北侧,1,2,21,0,1307
2024-05-01 21:00:00,119.522482,39.916512,19,西里西亚学院,1,2,21,0,1308
2024-05-01 21:00:00,119.520487,39.914483,19,西区第五教学楼,1,2,21,0,1309
2024-05-01 21:00:00,119.51965,39.913924,19,艺术学院,1,2,21,0,1310
2024-05-01 21:00:00,119.520105,39.913824,19,继续教育学院,1,2,21,0,1311
2024-05-01 21:00:00,119.522175,39.911633,19,西区第一教学楼北侧,1,2,21,0,1312
2024-05-01 21:00:00,119.522085,39.911128,19,西区第一教学楼,1,2,21,0,1313
2024-05-01 21:00:00,119.522642,39.910663,19,西区第二教学楼,1,2,21,0,1314
2024-05-01 21:00:00,119.523274,39.910163,19,西区第三教学楼,1,2,21,0,1315
2024-05-01 21:00:00,119.522709,39.910029,19,电气工程学院东,1,2,21,0,1316
2024-05-01 21:00:00,119.521177,39.909753,19,电气工程学院西,1,2,21,0,1317
2024-05-01 21:00:00,119.522369,39.909221,19,材料学院 C 楼,1,2,21,0,1318
2024-05-01 21:00:00,119.52317,39.908501,19,材料学院 A 楼,1,2,21,0,1319
2024-05-01 21:00:00,119.523088,39.904547,12,1 组图,1,2,21,0,1320
2024-05-01 21:00:00,119.523105,39.905732,12,2 组图,1,2,21,0,1321
2024-05-01 21:00:00,119.523138,39.906529,12,3 组图,1,2,21,0,1322
2024-05-01 21:00:00,119.521776,39.905351,12,4 组图,1,2,21,0,1323
2024-05-01 21:00:00,119.521967,39.907251,15,西区大食堂东侧,1,2,21,0,1324
2024-05-01 21:00:00,119.520043,39.907417,15,西区大食堂西侧,1,2,21,0,1325
2024-05-01 21:00:00,119.519858,39.908508,14,西区浴池,1,2,21,0,1326
2024-05-01 21:00:00,119.518344,39.908269,14,西区超市,1,2,21,0,1327
2024-05-01 21:00:00,119.518084,39.909318,12,10 组图,1,2,21,0,1328
2024-05-01 21:00:00,119.517912,39.910224,12,11 组图,1,2,21,0,1329
2024-05-01 21:00:00,119.517918,39.911057,14,燕园餐厅,1,2,21,0,1330
2024-05-01 21:00:00,119.516213,39.910156,12,12 组图,1,2,21,0,1331
2024-05-01 21:00:00,119.525995,39.906156,19,里仁教学楼西侧,1,2,21,0,1332
2024-05-01 21:00:00,119.527913,39.905674,19,里仁教学楼东南侧,1,2,21,0,1333
2024-05-01 21:00:00,119.526448,39.9052,14,西区大学生活动中心,1,2,21,0,1334
2024-05-01 21:00:00,119.531126,39.910473,14,新图书馆西侧,1,2,21,0,1335
2024-05-01 21:00:00,119.534127,39.910557,14,新图书馆东侧,1,2,21,0,1336
2024-05-01 21:00:00,119.53553,39.909579,14,5 号门,1,2,21,0,1337
2024-05-01 21:00:00,119.54074,39.911033,14,第二体育场,1,2,21,0,1338
2024-05-01 21:00:00,119.540493,39.911157,19,体育学院东侧,1,2,21,0,1339
2024-05-01 21:00:00,119.539163,39.911104,19,体育学院西侧,1,2,21,0,1340
2024-05-01 21:00:00,119.53974,39.910715,19,体育学院南侧,1,2,21,0,1341
2024-05-01 21:00:00,119.539941,39.910202,19,建筑系,1,2,21,0,1342
2024-05-01 21:00:00,119.538739,39.909795,19,文法学院,1,2,21,0,1343
2024-05-01 21:00:00,119.540025,39.909071,19,东区第四教学楼北侧,1,2,21,0,1344
2024-05-01 21:00:00,119.53977,39.908658,19,东区第四教学楼南侧,1,2,21,0,1345
2024-05-01 21:00:00,119.537491,39.908447,19,车辆与能源学院,1,2,21,0,1346
2024-05-01 21:00:00,119.538573,39.907428,14,后勤管理处,1,2,21,0,1347
2024-05-01 21:00:00,119.540408,39.905247,19,建筑工程与力学学院东侧,1,2,21,0,1348
2024-05-01 21:00:00,119.540397,39.905594,19,东区第二教学楼,1,2,21,0,1349
2024-05-01 21:00:00,119.539722,39.905178,19,建筑工程与力学学院西侧,1,2,21,0,1350
2024-05-01 21:00:00,119.539069,39.904948,19,东区第一教学楼,1,2,21,0,1351
2024-05-01 21:00:00,119.537932,39.904936,14,东区图书馆,1,2,21,0,1352
2024-05-01 21:00:00,119.537474,39.903952,19,东区第三教学楼,1,2,21,0,1353
2024-05-01 21:00:00,119.536636,39.901284,12,至明楼,1,2,21,0,1354
2024-05-01 21:00:00,119.536302,39.901898,14,东区学生生活服务楼西侧,1,2,21,0,1355
2024-05-01 21:00:00,119.536619,39.901877,14,东区学生生活服务楼东侧,1,2,21,0,1356
2024-05-01 21:00:00,119.536717,39.902048,14,东区学生生活服务楼东北侧,1,2,21,0,1357
2024-05-01 21:00:00,119.535911,39.901958,12,至博楼,1,2,21,0,1358
2024-05-01 21:00:00,119.535492,39.902724,14,中快餐厅 2 食堂,1,2,21,0,1359
2024-05-01 21:00:00,119.534896,39.903012,12,至雅楼南侧,1,2,21,0,1360
2024-05-01 21:00:00,119.534947,39.903248,12,至雅楼北侧,1,2,21,0,1361
2024-05-01 21:00:00,119.535349,39.903546,14,燕鸣湖餐厅西南侧,1,2,21,0,1362
2024-05-01 21:00:00,119.535433,39.903957,14,燕鸣湖餐厅西北侧,1,2,21,0,1363
2024-05-01 21:00:00,119.535337,39.905494,12,学生公寓 8 号楼,1,2,21,0,1364
2024-05-01 22:00:00,119.517816,39.913239,16,第四体育场,1,2,22,0,1365
2024-05-01 22:00:00,119.517939,39.916532,16,西北门,1,2,22,0,1366
2024-05-01 22:00:00,119.521364,39.917036,18,信息科学与工程学院,1,2,22,0,1367
2024-05-01 22:00:00,119.521864,39.917012,18,理学院,1,2,22,0,1368
2024-05-01 22:00:00,119.522728,39.918136,18,理学院北侧,1,2,22,0,1369
2024-05-01 22:00:00,119.522482,39.916512,18,西里西亚学院,1,2,22,0,1370
2024-05-01 22:00:00,119.520487,39.914483,18,西区第五教学楼,1,2,22,0,1371
2024-05-01 22:00:00,119.51965,39.913924,18,艺术学院,1,2,22,0,1372
2024-05-01 22:00:00,119.520105,39.913824,18,继续教育学院,1,2,22,0,1373
2024-05-01 22:00:00,119.522175,39.911633,18,西区第一教学楼北侧,1,2,22,0,1374
2024-05-01 22:00:00,119.522085,39.911128,18,西区第一教学楼,1,2,22,0,1375
2024-05-01 22:00:00,119.522642,39.910663,18,西区第二教学楼,1,2,22,0,1376
2024-05-01 22:00:00,119.523274,39.910163,18,西区第三教学楼,1,2,22,0,1377
2024-05-01 22:00:00,119.522709,39.910029,18,电气工程学院东,1,2,22,0,1378
2024-05-01 22:00:00,119.521177,39.909753,18,电气工程学院西,1,2,22,0,1379
2024-05-01 22:00:00,119.522369,39.909221,18,材料学院 C 楼,1,2,22,0,1380
2024-05-01 22:00:00,119.52317,39.908501,18,材料学院 A 楼,1,2,22,0,1381
2024-05-01 22:00:00,119.523088,39.904547,13,1 组图,1,2,22,0,1382
2024-05-01 22:00:00,119.523105,39.905732,13,2 组图,1,2,22,0,1383
2024-05-01 22:00:00,119.523138,39.906529,13,3 组图,1,2,22,0,1384
2024-05-01 22:00:00,119.521776,39.905351,13,4 组图,1,2,22,0,1385
2024-05-01 22:00:00,119.521967,39.907251,16,西区大食堂东侧,1,2,22,0,1386
2024-05-01 22:00:00,119.520043,39.907417,16,西区大食堂西侧,1,2,22,0,1387
2024-05-01 22:00:00,119.519858,39.908508,15,西区浴池,1,2,22,0,1388
2024-05-01 22:00:00,119.518344,39.908269,15,西区超市,1,2,22,0,1389
2024-05-01 22:00:00,119.518084,39.909318,13,10 组图,1,2,22,0,1390
2024-05-01 22:00:00,119.517912,39.910224,13,11 组图,1,2,22,0,1391
2024-05-01 22:00:00,119.517918,39.911057,15,燕园餐厅,1,2,22,0,1392
2024-05-01 22:00:00,119.516213,39.910156,13,12 组图,1,2,22,0,1393
2024-05-01 22:00:00,119.525995,39.906156,18,里仁教学楼西侧,1,2,22,0,1394
2024-05-01 22:00:00,119.527913,39.905674,18,里仁教学楼东南侧,1,2,22,0,1395
2024-05-01 22:00:00,119.526448,39.9052,15,西区大学生活动中心,1,2,22,0,1396
2024-05-01 22:00:00,119.531126,39.910473,15,新图书馆西侧,1,2,22,0,1397
2024-05-01 22:00:00,119.534127,39.910557,15,新图书馆东侧,1,2,22,0,1398
2024-05-01 22:00:00,119.53553,39.909579,15,5 号门,1,2,22,0,1399
2024-05-01 22:00:00,119.54074,39.911033,15,第二体育场,1,2,22,0,1400
2024-05-01 22:00:00,119.540493,39.911157,18,体育学院东侧,1,2,22,0,1401
2024-05-01 22:00:00,119.539163,39.911104,18,体育学院西侧,1,2,22,0,1402
2024-05-01 22:00:00,119.53974,39.910715,18,体育学院南侧,1,2,22,0,1403
2024-05-01 22:00:00,119.539941,39.910202,18,建筑系,1,2,22,0,1404
2024-05-01 22:00:00,119.538739,39.909795,18,文法学院,1,2,22,0,1405
2024-05-01 22:00:00,119.540025,39.909071,18,东区第四教学楼北侧,1,2,22,0,1406
2024-05-01 22:00:00,119.53977,39.908658,18,东区第四教学楼南侧,1,2,22,0,1407
2024-05-01 22:00:00,119.537491,39.908447,18,车辆与能源学院,1,2,22,0,1408
2024-05-01 22:00:00,119.538573,39.907428,15,后勤管理处,1,2,22,0,1409
2024-05-01 22:00:00,119.540408,39.905247,18,建筑工程与力学学院东侧,1,2,22,0,1410
2024-05-01 22:00:00,119.540397,39.905594,18,东区第二教学楼,1,2,22,0,1411
2024-05-01 22:00:00,119.539722,39.905178,18,建筑工程与力学学院西侧,1,2,22,0,1412
2024-05-01 22:00:00,119.539069,39.904948,18,东区第一教学楼,1,2,22,0,1413
2024-05-01 22:00:00,119.537932,39.904936,15,东区图书馆,1,2,22,0,1414
2024-05-01 22:00:00,119.537474,39.903952,18,东区第三教学楼,1,2,22,0,1415
2024-05-01 22:00:00,119.536636,39.901284,13,至明楼,1,2,22,0,1416
2024-05-01 22:00:00,119.536302,39.901898,15,东区学生生活服务楼西侧,1,2,22,0,1417
2024-05-01 22:00:00,119.536619,39.901877,15,东区学生生活服务楼东侧,1,2,22,0,1418
2024-05-01 22:00:00,119.536717,39.902048,15,东区学生生活服务楼东北侧,1,2,22,0,1419
2024-05-01 22:00:00,119.535911,39.901958,13,至博楼,1,2,22,0,1420
2024-05-01 22:00:00,119.535492,39.902724,15,中快餐厅 2 食堂,1,2,22,0,1421
2024-05-01 22:00:00,119.534896,39.903012,13,至雅楼南侧,1,2,22,0,1422
2024-05-01 22:00:00,119.534947,39.903248,13,至雅楼北侧,1,2,22,0,1423
2024-05-01 22:00:00,119.535349,39.903546,15,燕鸣湖餐厅西南侧,1,2,22,0,1424
2024-05-01 22:00:00,119.535433,39.903957,15,燕鸣湖餐厅西北侧,1,2,22,0,1425
2024-05-01 22:00:00,119.535337,39.905494,13,学生公寓 8 号楼,1,2,22,0,1426
2024-05-01 23:00:00,119.517816,39.913239,16,第四体育场,1,2,23,0,1427
2024-05-01 23:00:00,119.517939,39.916532,16,西北门,1,2,23,0,1428
2024-05-01 23:00:00,119.521364,39.917036,18,信息科学与工程学院,1,2,23,0,1429
2024-05-01 23:00:00,119.521864,39.917012,18,理学院,1,2,23,0,1430
2024-05-01 23:00:00,119.522728,39.918136,18,理学院北侧,1,2,23,0,1431
2024-05-01 23:00:00,119.522482,39.916512,18,西里西亚学院,1,2,23,0,1432
2024-05-01 23:00:00,119.520487,39.914483,18,西区第五教学楼,1,2,23,0,1433
2024-05-01 23:00:00,119.51965,39.913924,18,艺术学院,1,2,23,0,1434
2024-05-01 23:00:00,119.520105,39.913824,18,继续教育学院,1,2,23,0,1435
2024-05-01 23:00:00,119.522175,39.911633,18,西区第一教学楼北侧,1,2,23,0,1436
2024-05-01 23:00:00,119.522085,39.911128,18,西区第一教学楼,1,2,23,0,1437
2024-05-01 23:00:00,119.522642,39.910663,18,西区第二教学楼,1,2,23,0,1438
2024-05-01 23:00:00,119.523274,39.910163,18,西区第三教学楼,1,2,23,0,1439
2024-05-01 23:00:00,119.522709,39.910029,18,电气工程学院东,1,2,23,0,1440
2024-05-01 23:00:00,119.521177,39.909753,18,电气工程学院西,1,2,23,0,1441
2024-05-01 23:00:00,119.522369,39.909221,18,材料学院 C 楼,1,2,23,0,1442
2024-05-01 23:00:00,119.52317,39.908501,18,材料学院 A 楼,1,2,23,0,1443
2024-05-01 23:00:00,119.523088,39.904547,13,1 组图,1,2,23,0,1444
2024-05-01 23:00:00,119.523105,39.905732,13,2 组图,1,2,23,0,1445
2024-05-01 23:00:00,119.523138,39.906529,13,3 组图,1,2,23,0,1446
2024-05-01 23:00:00,119.521776,39.905351,13,4 组图,1,2,23,0,1447
2024-05-01 23:00:00,119.521967,39.907251,16,西区大食堂东侧,1,2,23,0,1448
2024-05-01 23:00:00,119.520043,39.907417,16,西区大食堂西侧,1,2,23,0,1449
2024-05-01 23:00:00,119.519858,39.908508,15,西区浴池,1,2,23,0,1450
2024-05-01 23:00:00,119.518344,39.908269,15,西区超市,1,2,23,0,1451
2024-05-01 23:00:00,119.518084,39.909318,13,10 组图,1,2,23,0,1452
2024-05-01 23:00:00,119.517912,39.910224,13,11 组图,1,2,23,0,1453
2024-05-01 23:00:00,119.517918,39.911057,15,燕园餐厅,1,2,23,0,1454
2024-05-01 23:00:00,119.516213,39.910156,13,12 组图,1,2,23,0,1455
2024-05-01 23:00:00,119.525995,39.906156,18,里仁教学楼西侧,1,2,23,0,1456
2024-05-01 23:00:00,119.527913,39.905674,18,里仁教学楼东南侧,1,2,23,0,1457
2024-05-01 23:00:00,119.526448,39.9052,15,西区大学生活动中心,1,2,23,0,1458
2024-05-01 23:00:00,119.531126,39.910473,15,新图书馆西侧,1,2,23,0,1459
2024-05-01 23:00:00,119.534127,39.910557,15,新图书馆东侧,1,2,23,0,1460
2024-05-01 23:00:00,119.53553,39.909579,15,5 号门,1,2,23,0,1461
2024-05-01 23:00:00,119.54074,39.911033,15,第二体育场,1,2,23,0,1462
2024-05-01 23:00:00,119.540493,39.911157,18,体育学院东侧,1,2,23,0,1463
2024-05-01 23:00:00,119.539163,39.911104,18,体育学院西侧,1,2,23,0,1464
2024-05-01 23:00:00,119.53974,39.910715,18,体育学院南侧,1,2,23,0,1465
2024-05-01 23:00:00,119.539941,39.910202,18,建筑系,1,2,23,0,1466
2024-05-01 23:00:00,119.538739,39.909795,18,文法学院,1,2,23,0,1467
2024-05-01 23:00:00,119.540025,39.909071,18,东区第四教学楼北侧,1,2,23,0,1468
2024-05-01 23:00:00,119.53977,39.908658,18,东区第四教学楼南侧,1,2,23,0,1469
2024-05-01 23:00:00,119.537491,39.908447,18,车辆与能源学院,1,2,23,0,1470
2024-05-01 23:00:00,119.538573,39.907428,15,后勤管理处,1,2,23,0,1471
2024-05-01 23:00:00,119.540408,39.905247,18,建筑工程与力学学院东侧,1,2,23,0,1472
2024-05-01 23:00:00,119.540397,39.905594,18,东区第二教学楼,1,2,23,0,1473
2024-05-01 23:00:00,119.539722,39.905178,18,建筑工程与力学学院西侧,1,2,23,0,1474
2024-05-01 23:00:00,119.539069,39.904948,18,东区第一教学楼,1,2,23,0,1475
2024-05-01 23:00:00,119.537932,39.904936,15,东区图书馆,1,2,23,0,1476
2024-05-01 23:00:00,119.537474,39.903952,18,东区第三教学楼,1,2,23,0,1477
2024-05-01 23:00:00,119.536636,39.901284,13,至明楼,1,2,23,0,1478
2024-05-01 23:00:00,119.536302,39.901898,15,东区学生生活服务楼西侧,1,2,23,0,1479
2024-05-01 23:00:00,119.536619,39.901877,15,东区学生生活服务楼东侧,1,2,23,0,1480
2024-05-01 23:00:00,119.536717,39.902048,15,东区学生生活服务楼东北侧,1,2,23,0,1481
2024-05-01 23:00:00,119.535911,39.901958,13,至博楼,1,2,23,0,1482
2024-05-01 23:00:00,119.535492,39.902724,15,中快餐厅 2 食堂,1,2,23,0,1483
2024-05-01 23:00:00,119.534896,39.903012,13,至雅楼南侧,1,2,23,0,1484
2024-05-01 23:00:00,119.534947,39.903248,13,至雅楼北侧,1,2,23,0,1485
2024-05-01 23:00:00,119.535349,39.903546,15,燕鸣湖餐厅西南侧,1,2,23,0,1486
2024-05-01 23:00:00,119.535433,39.903957,15,燕鸣湖餐厅西北侧,1,2,23,0,1487
2024-05-01 23:00:00,119.535337,39.905494,13,学生公寓 8 号楼,1,2,23,0,1488
